OBJECTID *,Shape *,FID_CRASH_PHILADELPHIA_2019_XYTableToPoint,ARRIVAL_TM,AUTOMOBILE_COUNT,BELTED_DEATH_COUNT,BELTED_SUSP_SERIOUS_INJ_COUNT,BICYCLE_COUNT,BICYCLE_DEATH_COUNT,BICYCLE_SUSP_SERIOUS_INJ_COUNT,BUS_COUNT,CHLDPAS_DEATH_COUNT,CHLDPAS_SUSP_SERIOUS_INJ_COUNT,COLLISION_TYPE,COMM_VEH_COUNT,CONS_ZONE_SPD_LIM,COUNTY,CRASH_MONTH,CRASH_YEAR,CRN,DAY_OF_WEEK,DEC_LAT,DEC_LONG,DISPATCH_TM,DISTRICT,DRIVER_COUNT_16YR,DRIVER_COUNT_17YR,DRIVER_COUNT_18YR,DRIVER_COUNT_19YR,DRIVER_COUNT_20YR,DRIVER_COUNT_50_64YR,DRIVER_COUNT_65_74YR,DRIVER_COUNT_75PLUS,EST_HRS_CLOSED,FATAL_COUNT,HEAVY_TRUCK_COUNT,HORSE_BUGGY_COUNT,HOUR_OF_DAY,ILLUMINATION,INJURY_COUNT,INTERSECT_TYPE,LANE_CLOSED,LATITUDE,LN_CLOSE_DIR,LOCATION_TYPE,LONGITUDE,MAX_SEVERITY_LEVEL,MCYCLE_DEATH_COUNT,MCYCLE_SUSP_SERIOUS_INJ_COUNT,MOTORCYCLE_COUNT,MUNICIPALITY,NONMOTR_COUNT,NONMOTR_DEATH_COUNT,NONMOTR_SUSP_SERIOUS_INJ_COUNT,NTFY_HIWY_MAINT,PED_COUNT,PED_DEATH_COUNT,PED_SUSP_SERIOUS_INJ_COUNT,PERSON_COUNT,POLICE_AGCY,POSSIBLE_INJ_COUNT,RDWY_SURF_TYPE_CD,RELATION_TO_ROAD,ROAD_CONDITION,SCH_BUS_IND,SCH_ZONE_IND,SMALL_TRUCK_COUNT,SPEC_JURIS_CD,SUSP_MINOR_INJ_COUNT,SUSP_SERIOUS_INJ_COUNT,SUV_COUNT,TCD_FUNC_CD,TCD_TYPE,TFC_DETOUR_IND,TIME_OF_DAY,TOT_INJ_COUNT,TOTAL_UNITS,UNB_DEATH_COUNT,UNB_SUSP_SERIOUS_INJ_COUNT,UNBELTED_OCC_COUNT,UNK_INJ_DEG_COUNT,UNK_INJ_PER_COUNT,URBAN_RURAL,VAN_COUNT,VEHICLE_COUNT,WORK_ZONE_IND,WORK_ZONE_LOC,WORK_ZONE_TYPE,WORKERS_PRES,WZ_CLOSE_DETOUR,WZ_FLAGGER,WZ_LAW_OFFCR_IND,WZ_LN_CLOSURE,WZ_MOVING,WZ_OTHER,WZ_SHLDER_MDN,ROADWAY_CLEARED,WEATHER1,WEATHER2,WZ_WORKERS_INJ_KILLED,SECONDARY_CRASH,INTERSECTION_RELATED,FID_POLYLINE_30ftbuffer,BUFF_DIST,ORIG_FID
1,Point,1128,1945,1,0,0,0,0,0,0,0,0,4,0,<Null>,67,2,2019,2019024306,6,39.9943,-75.1971,1930,6,0,0,0,0,0,1,0,0,<Null>,0,0,0,17,4,1,3,0,39 59:39.460,<Null>,0,75 11:49.540,3,0,0,0,67301,0,0,0,N,0,0,0,2,67301,0,<Null>,1,1,N,N,0,<Null>,1,0,1,0,0,<Null>,1752,1,2,0,0,0,0,0,3,0,2,N,<Null>,<Null>,<Null>,<Null>,<Null>,<Null>,<Null>,<Null>,<Null>,<Null>,<Null>,3,<Null>,<Null>,<Null>,<Null>,1,30,0
2,Point,1511,626,1,0,0,0,0,0,0,0,0,7,0,<Null>,67,2,2019,2019029435,3,39.9858,-75.2156,620,6,0,0,0,0,0,0,0,0,<Null>,0,0,0,6,1,1,1,0,39 59:08.888,<Null>,0,75 12:56.190,3,0,0,0,67301,0,0,0,N,0,0,0,1,67301,0,<Null>,5,1,N,N,0,<Null>,1,0,0,3,2,<Null>,605,1,1,0,0,0,0,0,3,0,1,N,<Null>,<Null>,<Null>,<Null>,<Null>,<Null>,<Null>,<Null>,<Null>,<Null>,<Null>,3,<Null>,<Null>,<Null>,<Null>,1,30,0
3,Point,1802,1302,0,0,0,0,0,0,0,0,0,7,0,<Null>,67,3,2019,2019032110,7,39.9964,-75.1953,1245,6,0,0,0,0,0,0,0,0,<Null>,0,0,0,12,1,2,0,0,39 59:46.900,<Null>,0,75 11:43.000,8,0,0,0,67301,0,0,0,N,0,0,0,2,67301,0,<Null>,4,1,N,N,1,<Null>,0,0,0,0,0,<Null>,1233,2,1,0,0,0,2,0,3,0,1,N,<Null>,<Null>,<Null>,<Null>,<Null>,<Null>,<Null>,<Null>,<Null>,<Null>,<Null>,3,<Null>,<Null>,<Null>,<Null>,1,30,0
4,Point,1903,1639,2,0,0,0,0,0,0,0,0,5,0,<Null>,67,2,2019,2019032473,5,39.9592,-75.2139,1639,6,0,0,0,0,0,0,0,0,<Null>,0,0,0,15,1,1,0,0,39 57:33.068,<Null>,0,75 12:49.982,8,0,0,0,67301,0,0,0,N,0,0,0,1,67301,0,<Null>,6,1,N,N,0,<Null>,0,0,1,0,0,<Null>,1552,1,3,0,0,0,1,0,3,0,3,N,<Null>,<Null>,<Null>,<Null>,<Null>,<Null>,<Null>,<Null>,<Null>,<Null>,<Null>,3,<Null>,<Null>,<Null>,<Null>,1,30,0
5,Point,2316,1900,1,0,0,0,0,0,0,0,0,4,0,<Null>,67,3,2019,2019036623,2,39.9866,-75.2084,1900,6,0,0,0,0,0,1,0,0,<Null>,0,0,0,17,1,0,1,0,39 59:11.839,<Null>,2,75 12:30.236,9,0,0,0,67301,0,0,0,N,0,0,0,4,67301,0,<Null>,1,1,N,N,0,<Null>,0,0,1,0,0,<Null>,1735,0,2,0,0,0,0,1,3,0,2,N,<Null>,<Null>,<Null>,<Null>,<Null>,<Null>,<Null>,<Null>,<Null>,<Null>,<Null>,3,<Null>,<Null>,<Null>,<Null>,1,30,0
6,Point,2597,2316,2,0,0,0,0,0,0,0,0,1,0,<Null>,67,4,2019,2019039015,6,40.0149,-75.2068,2313,6,0,0,0,0,0,0,0,0,<Null>,0,0,0,23,3,0,0,0,40 00:53.696,<Null>,3,75 12:24.500,0,0,0,0,67301,0,0,0,N,0,0,0,3,67301,0,<Null>,1,9,N,N,0,<Null>,0,0,0,3,2,<Null>,2301,0,2,0,0,0,0,0,3,0,2,N,<Null>,<Null>,<Null>,<Null>,<Null>,<Null>,<Null>,<Null>,<Null>,<Null>,<Null>,7,<Null>,<Null>,<Null>,<Null>,1,30,0
7,Point,2812,1621,2,0,0,0,0,0,0,0,0,4,0,<Null>,67,3,2019,2019042141,7,39.9867,-75.2083,1621,6,0,0,0,0,0,1,0,0,<Null>,0,0,0,15,1,0,3,0,39 59:11.983,<Null>,2,75 12:29.919,0,0,0,0,67301,0,0,0,N,0,0,0,2,67301,0,<Null>,1,1,N,N,0,<Null>,0,0,0,3,3,<Null>,1551,0,2,0,0,0,0,0,3,0,2,N,<Null>,<Null>,<Null>,<Null>,<Null>,<Null>,<Null>,<Null>,<Null>,<Null>,<Null>,3,<Null>,<Null>,<Null>,<Null>,1,30,0
8,Point,3062,836,1,0,0,0,0,0,0,0,0,2,0,<Null>,67,4,2019,2019044608,3,39.9744,-75.2125,728,6,0,0,0,0,0,1,0,0,<Null>,0,0,0,7,1,2,0,0,39 58:27.817,<Null>,0,75 12:44.862,4,0,0,0,67301,0,0,0,N,0,0,0,6,67301,1,<Null>,1,9,N,N,0,<Null>,0,0,1,9,9,<Null>,725,2,2,0,0,0,1,4,3,0,2,N,<Null>,<Null>,<Null>,<Null>,<Null>,<Null>,<Null>,<Null>,<Null>,<Null>,<Null>,3,<Null>,<Null>,<Null>,<Null>,1,30,0
9,Point,3142,2047,1,0,0,0,0,0,0,0,0,2,0,<Null>,67,5,2019,2019045930,7,39.9719,-75.2119,2042,6,0,0,0,0,0,1,0,0,<Null>,0,0,0,20,3,2,0,0,39 58:18.980,<Null>,0,75 12:43.006,8,0,0,0,67301,0,0,0,N,0,0,0,3,67301,0,<Null>,1,1,N,N,0,<Null>,0,0,1,0,0,<Null>,2038,2,2,0,0,2,2,0,3,0,2,N,<Null>,<Null>,<Null>,<Null>,<Null>,<Null>,<Null>,<Null>,<Null>,<Null>,<Null>,3,<Null>,<Null>,<Null>,<Null>,1,30,0
10,Point,3537,808,2,0,0,0,0,0,0,0,0,6,0,<Null>,67,5,2019,2019050107,5,39.9697,-75.2115,807,6,0,0,0,0,0,0,1,0,<Null>,0,0,0,8,1,0,1,0,39 58:10.789,<Null>,0,75 12:41.484,0,0,0,0,67301,0,0,0,N,0,0,0,1,67301,0,<Null>,1,1,N,N,0,<Null>,0,0,0,3,2,<Null>,805,0,2,0,0,0,0,0,3,0,2,N,<Null>,<Null>,<Null>,<Null>,<Null>,<Null>,<Null>,<Null>,<Null>,<Null>,<Null>,3,<Null>,<Null>,<Null>,<Null>,1,30,0
11,Point,3674,2214,1,0,0,0,0,0,0,0,0,2,0,<Null>,67,4,2019,2019050871,6,39.9853,-75.2118,2203,6,0,0,1,0,0,0,0,0,3,0,0,0,22,3,4,0,2,39 59:07.100,3,0,75 12:42.500,3,0,0,0,67301,0,0,0,N,0,0,0,5,67301,1,<Null>,1,9,N,<Null>,0,<Null>,2,0,1,0,0,Y,2203,4,2,0,0,0,1,0,3,0,2,N,<Null>,<Null>,<Null>,<Null>,<Null>,<Null>,<Null>,<Null>,<Null>,<Null>,<Null>,3,<Null>,<Null>,<Null>,<Null>,1,30,0
12,Point,3689,1939,1,0,0,0,0,0,0,0,0,4,0,<Null>,67,5,2019,2019050886,4,39.9697,-75.2115,1939,6,0,0,0,0,0,0,0,0,<Null>,0,0,0,19,1,1,1,0,39 58:10.789,<Null>,0,75 12:41.484,4,0,0,0,67301,0,0,0,N,0,0,0,2,67301,1,<Null>,1,1,N,N,0,<Null>,0,0,1,3,2,<Null>,1939,1,2,0,0,1,0,0,3,0,2,N,<Null>,<Null>,<Null>,<Null>,<Null>,<Null>,<Null>,<Null>,<Null>,<Null>,<Null>,3,<Null>,<Null>,<Null>,<Null>,1,30,0
13,Point,3766,1814,1,0,0,0,0,0,0,0,0,4,0,<Null>,67,3,2019,2019051858,4,39.9786,-75.2136,1814,6,0,0,0,0,0,1,0,0,<Null>,0,0,0,18,1,1,1,0,39 58:42.950,<Null>,0,75 12:49.048,4,0,0,0,67301,0,0,0,N,0,0,0,2,67301,1,<Null>,1,1,N,<Null>,0,<Null>,0,0,1,3,2,<Null>,1814,1,2,0,0,1,0,0,3,0,2,N,<Null>,<Null>,<Null>,<Null>,<Null>,<Null>,<Null>,<Null>,<Null>,<Null>,<Null>,3,<Null>,<Null>,<Null>,<Null>,1,30,0
14,Point,4026,1545,1,0,0,0,0,0,0,0,0,8,0,<Null>,67,5,2019,2019054638,4,39.9867,-75.208,1539,6,0,0,0,0,0,0,0,0,<Null>,0,0,0,15,1,1,0,0,39 59:12.210,<Null>,99,75 12:28.848,8,0,0,0,67301,1,0,0,N,1,0,0,2,67301,0,<Null>,1,1,N,N,0,<Null>,0,0,0,3,3,<Null>,1539,1,2,0,0,0,1,0,3,0,1,N,<Null>,<Null>,<Null>,<Null>,<Null>,<Null>,<Null>,<Null>,<Null>,<Null>,<Null>,3,<Null>,<Null>,<Null>,<Null>,1,30,0
15,Point,4179,1745,0,0,0,0,0,0,0,0,0,2,0,<Null>,67,5,2019,2019055741,6,39.9697,-75.2115,1735,6,0,0,0,0,0,1,0,0,<Null>,0,0,0,15,1,4,1,0,39 58:10.789,<Null>,0,75 12:41.484,3,0,0,0,67301,0,0,0,N,0,0,0,6,67301,0,<Null>,1,1,N,N,0,<Null>,4,0,1,3,2,<Null>,1503,4,2,0,0,1,0,1,3,1,2,N,<Null>,<Null>,<Null>,<Null>,<Null>,<Null>,<Null>,<Null>,<Null>,<Null>,<Null>,3,<Null>,<Null>,<Null>,<Null>,1,30,0
16,Point,4180,2100,2,0,0,0,0,0,0,0,0,2,0,<Null>,67,5,2019,2019055744,6,39.9866,-75.2087,1830,6,0,0,0,0,0,0,0,0,<Null>,0,0,0,18,1,0,1,0,39 59:11.745,<Null>,2,75 12:31.480,0,0,0,0,67301,0,0,0,N,0,0,0,2,67301,0,<Null>,1,1,N,N,0,<Null>,0,0,0,0,0,<Null>,1830,0,2,0,0,0,0,0,3,0,2,N,<Null>,<Null>,<Null>,<Null>,<Null>,<Null>,<Null>,<Null>,<Null>,<Null>,<Null>,3,<Null>,<Null>,<Null>,<Null>,1,30,0
17,Point,4189,840,0,0,0,0,0,0,0,0,0,8,0,<Null>,67,5,2019,2019055807,5,40.0131,-75.202,834,6,0,0,0,0,0,0,0,0,<Null>,0,0,0,8,1,1,2,0,40 00:47.031,<Null>,0,75 12:07.323,8,0,0,0,67301,1,0,0,N,1,0,0,2,67301,0,<Null>,1,1,N,N,0,<Null>,0,0,1,3,2,<Null>,815,1,2,0,0,0,1,0,3,0,1,N,<Null>,<Null>,<Null>,<Null>,<Null>,<Null>,<Null>,<Null>,<Null>,<Null>,<Null>,3,<Null>,<Null>,<Null>,<Null>,1,30,0
18,Point,4444,1753,1,0,0,1,0,0,0,0,0,4,0,<Null>,67,6,2019,2019058662,7,39.9586,-75.214,1745,6,0,0,0,0,0,0,0,0,<Null>,0,0,0,15,1,1,1,0,39 57:31.189,<Null>,0,75 12:50.310,3,0,0,0,67301,1,0,0,N,0,0,0,2,67301,0,<Null>,1,1,N,N,0,<Null>,1,0,0,3,2,<Null>,1550,1,2,0,0,0,0,0,3,0,1,N,<Null>,<Null>,<Null>,<Null>,<Null>,<Null>,<Null>,<Null>,<Null>,<Null>,<Null>,3,<Null>,<Null>,<Null>,<Null>,1,30,0
19,Point,4521,1203,2,0,0,0,0,0,0,0,0,1,0,<Null>,67,6,2019,2019059656,2,39.9697,-75.2115,1156,6,0,0,0,0,1,1,0,0,<Null>,0,0,0,11,1,1,1,0,39 58:10.789,<Null>,0,75 12:41.484,3,0,0,0,67301,0,0,0,N,0,0,0,2,67301,0,<Null>,1,9,N,N,0,<Null>,1,0,0,3,2,<Null>,1151,1,2,0,0,0,0,0,3,0,2,N,<Null>,<Null>,<Null>,<Null>,<Null>,<Null>,<Null>,<Null>,<Null>,<Null>,<Null>,3,<Null>,<Null>,<Null>,<Null>,1,30,0
20,Point,4955,750,2,0,0,0,0,0,0,0,0,4,0,<Null>,67,6,2019,2019065576,7,39.9786,-75.2136,748,6,0,0,0,0,0,0,0,0,<Null>,0,0,0,6,1,1,1,0,39 58:42.879,<Null>,0,75 12:49.429,4,0,0,0,67301,0,0,0,N,0,0,0,2,67301,1,<Null>,1,1,N,N,0,<Null>,0,0,0,3,2,<Null>,655,1,2,0,0,0,0,0,3,0,2,N,<Null>,<Null>,<Null>,<Null>,<Null>,<Null>,<Null>,<Null>,<Null>,<Null>,<Null>,3,<Null>,<Null>,<Null>,<Null>,1,30,0
21,Point,5089,1316,2,0,0,0,0,0,0,0,0,4,0,<Null>,67,6,2019,2019067449,7,39.9697,-75.2115,1244,6,0,0,0,0,1,0,0,0,<Null>,0,0,0,12,1,0,1,0,39 58:10.789,<Null>,0,75 12:41.484,9,0,0,0,67301,0,0,0,N,0,0,0,2,67301,0,<Null>,1,1,N,N,0,<Null>,0,0,0,9,2,<Null>,1227,0,2,0,0,1,0,1,3,0,2,N,<Null>,<Null>,<Null>,<Null>,<Null>,<Null>,<Null>,<Null>,<Null>,<Null>,<Null>,3,<Null>,<Null>,<Null>,<Null>,1,30,0
22,Point,5129,945,1,0,0,0,0,0,0,0,0,5,0,<Null>,67,7,2019,2019067835,2,40.0138,-75.2031,937,6,0,0,0,0,0,0,0,0,2,0,0,0,9,1,1,0,1,40 00:49.599,5,0,75 12:11.108,2,0,0,0,67301,1,0,1,N,1,0,1,2,67301,0,<Null>,1,1,N,N,0,<Null>,0,1,0,0,0,Y,927,1,4,0,0,1,0,0,3,2,3,N,<Null>,<Null>,<Null>,<Null>,<Null>,<Null>,<Null>,<Null>,<Null>,<Null>,<Null>,3,<Null>,<Null>,<Null>,<Null>,1,30,0
23,Point,5237,1729,1,0,0,0,0,0,0,0,0,2,0,<Null>,67,7,2019,2019069349,3,40.0146,-75.2055,1721,6,0,0,0,0,0,1,0,0,3,0,0,0,17,1,3,0,1,40 00:52.552,1,0,75 12:19.678,8,0,0,0,67301,0,0,0,N,0,0,0,4,67301,0,<Null>,1,1,N,N,0,<Null>,0,0,0,0,0,N,1718,3,2,0,0,0,3,0,3,1,2,N,<Null>,<Null>,<Null>,<Null>,<Null>,<Null>,<Null>,<Null>,<Null>,<Null>,<Null>,3,<Null>,<Null>,<Null>,<Null>,1,30,0
24,Point,5410,1849,1,0,0,0,0,0,0,0,0,4,0,<Null>,67,7,2019,2019070430,5,39.9626,-75.213,1843,6,0,0,0,0,0,0,0,0,<Null>,0,0,0,18,4,0,1,0,39 57:45.297,<Null>,0,75 12:46.870,0,0,0,0,67301,0,0,0,N,0,0,0,4,67301,0,<Null>,1,9,N,N,0,<Null>,0,0,1,3,2,<Null>,1827,0,2,0,0,0,0,0,3,0,2,N,<Null>,<Null>,<Null>,<Null>,<Null>,<Null>,<Null>,<Null>,<Null>,<Null>,<Null>,7,<Null>,<Null>,<Null>,<Null>,1,30,0
25,Point,5476,57,1,0,0,0,0,0,0,0,0,7,0,<Null>,67,7,2019,2019071272,2,40.0062,-75.1934,55,6,0,0,0,1,0,0,0,0,3,0,0,0,0,3,5,0,2,40 00:22.356,1,0,75 11:36.240,3,0,0,0,67301,0,0,0,N,0,0,0,5,67301,0,<Null>,4,1,N,N,0,<Null>,4,0,1,0,0,N,50,5,2,0,0,0,1,0,3,0,2,N,<Null>,<Null>,<Null>,<Null>,<Null>,<Null>,<Null>,<Null>,<Null>,<Null>,<Null>,3,<Null>,<Null>,<Null>,<Null>,1,30,0
26,Point,5757,1010,1,0,0,1,0,1,0,0,0,4,0,<Null>,67,6,2019,2019074713,3,39.9856,-75.2132,1001,6,0,0,0,0,0,0,0,0,<Null>,0,0,0,9,1,1,1,0,39 59:08.260,<Null>,0,75 12:47.375,2,0,0,0,67301,1,0,1,N,0,0,0,2,67301,0,<Null>,1,1,N,N,0,<Null>,0,1,0,3,3,<Null>,955,1,2,0,0,0,0,0,3,0,1,N,<Null>,<Null>,<Null>,<Null>,<Null>,<Null>,<Null>,<Null>,<Null>,<Null>,<Null>,3,<Null>,<Null>,<Null>,<Null>,1,30,0
27,Point,5881,1316,2,0,0,0,0,0,0,0,0,4,0,<Null>,67,3,2019,2019075181,6,39.9803,-75.2141,1313,6,0,0,0,0,0,0,0,1,<Null>,1,0,0,10,1,2,1,0,39 58:49.077,<Null>,0,75 12:50.747,1,0,0,0,67301,0,0,0,N,0,0,0,6,67301,0,2,1,1,N,N,0,0,2,0,0,9,2,<Null>,1033,2,2,0,0,0,0,0,3,0,2,N,<Null>,<Null>,<Null>,<Null>,<Null>,<Null>,<Null>,<Null>,<Null>,<Null>,<Null>,3,<Null>,<Null>,<Null>,<Null>,1,30,0
28,Point,6351,223,1,0,0,0,0,0,0,0,0,4,0,<Null>,67,8,2019,2019082020,5,39.9866,-75.2088,202,6,0,0,0,0,0,0,0,0,<Null>,0,0,0,1,3,0,3,0,39 59:11.800,<Null>,2,75 12:31.830,0,0,0,0,67301,0,0,0,N,0,0,0,2,67301,0,<Null>,1,9,N,N,0,<Null>,0,0,1,3,3,<Null>,157,0,2,0,0,0,0,0,3,0,2,N,<Null>,<Null>,<Null>,<Null>,<Null>,<Null>,<Null>,<Null>,<Null>,<Null>,<Null>,7,<Null>,<Null>,<Null>,<Null>,1,30,0
29,Point,6503,1023,0,0,0,0,0,0,0,0,0,4,0,<Null>,67,8,2019,2019084446,7,39.9866,-75.2085,1015,6,0,0,0,0,0,0,0,0,<Null>,0,0,0,10,1,1,0,0,39 59:11.880,<Null>,0,75 12:30.720,8,0,0,1,67301,0,0,0,N,0,0,0,5,67301,0,<Null>,1,1,N,N,0,<Null>,0,0,1,0,0,<Null>,1013,1,2,0,0,0,1,0,3,0,2,N,<Null>,<Null>,<Null>,<Null>,<Null>,<Null>,<Null>,<Null>,<Null>,<Null>,<Null>,3,<Null>,<Null>,<Null>,<Null>,1,30,0
30,Point,6811,2158,2,0,0,0,0,0,0,0,0,4,0,<Null>,67,8,2019,2019088425,7,39.9732,-75.2122,2150,6,0,0,0,0,0,1,0,0,<Null>,0,0,0,21,3,1,1,0,39 58:23.653,<Null>,0,75 12:44.012,3,0,0,0,67301,0,0,0,N,0,0,0,3,67301,0,<Null>,1,1,N,N,0,<Null>,1,0,0,3,2,<Null>,2147,1,2,0,0,0,0,0,3,0,2,N,<Null>,<Null>,<Null>,<Null>,<Null>,<Null>,<Null>,<Null>,<Null>,<Null>,<Null>,3,<Null>,<Null>,<Null>,<Null>,1,30,0
31,Point,6842,850,1,0,0,0,0,0,1,0,0,1,1,<Null>,67,7,2019,2019088519,5,39.9732,-75.2122,830,6,0,0,0,0,0,0,0,0,9,0,0,0,8,1,5,1,1,39 58:23.653,4,0,75 12:44.012,4,0,0,0,67301,0,0,0,N,0,0,0,6,67301,5,<Null>,1,1,N,<Null>,0,<Null>,0,0,0,3,2,N,825,5,2,0,0,0,0,0,3,0,2,N,<Null>,<Null>,<Null>,<Null>,<Null>,<Null>,<Null>,<Null>,<Null>,<Null>,<Null>,3,<Null>,<Null>,<Null>,<Null>,1,30,0
32,Point,7245,1735,1,0,0,0,0,0,0,0,0,4,0,<Null>,67,9,2019,2019093063,1,39.9556,-75.2146,1730,6,0,0,0,0,0,2,0,0,<Null>,0,0,0,17,1,1,1,0,39 57:20.232,<Null>,0,75 12:52.728,3,0,0,0,67301,0,0,0,N,0,0,0,2,67301,0,<Null>,1,1,N,N,0,<Null>,1,0,1,3,2,<Null>,1716,1,2,0,0,0,0,0,3,0,2,N,<Null>,<Null>,<Null>,<Null>,<Null>,<Null>,<Null>,<Null>,<Null>,<Null>,<Null>,3,<Null>,<Null>,<Null>,<Null>,1,30,0
33,Point,7279,55,1,0,0,0,0,0,0,0,0,4,0,<Null>,67,9,2019,2019093496,7,39.9859,-75.2136,50,6,0,0,0,0,0,1,0,0,4,1,0,0,0,3,0,0,2,39 59:09.120,7,0,75 12:49.000,1,1,0,1,67301,0,0,0,N,0,0,0,2,67301,0,2,1,1,N,N,0,0,0,0,0,0,0,Y,48,0,2,0,0,0,0,0,3,0,2,N,<Null>,<Null>,<Null>,<Null>,<Null>,<Null>,<Null>,<Null>,<Null>,<Null>,<Null>,3,<Null>,<Null>,<Null>,<Null>,1,30,0
34,Point,7446,1916,1,0,0,0,0,0,0,0,0,4,0,<Null>,67,9,2019,2019095193,7,39.9867,-75.2083,1908,6,0,0,0,0,0,1,0,0,<Null>,0,0,0,17,4,1,2,0,39 59:11.940,<Null>,2,75 12:30.186,3,0,0,0,67301,0,0,0,N,0,0,0,3,67301,0,<Null>,1,1,N,N,0,<Null>,1,0,1,0,0,<Null>,1750,1,2,0,0,0,0,0,3,0,2,N,<Null>,<Null>,<Null>,<Null>,<Null>,<Null>,<Null>,<Null>,<Null>,<Null>,<Null>,3,<Null>,<Null>,<Null>,<Null>,1,30,0
35,Point,7461,1244,1,0,0,0,0,0,0,0,0,4,0,<Null>,67,9,2019,2019095482,3,39.9697,-75.2115,1244,6,0,0,0,0,0,0,0,0,9,0,0,0,0,3,2,1,0,39 58:10.789,<Null>,0,75 12:41.484,3,0,0,0,67301,0,0,0,N,0,0,0,3,67301,0,<Null>,1,1,N,N,0,<Null>,2,0,1,3,2,<Null>,34,2,2,0,0,0,0,1,3,0,2,N,<Null>,<Null>,<Null>,<Null>,<Null>,<Null>,<Null>,<Null>,<Null>,<Null>,<Null>,3,<Null>,<Null>,<Null>,<Null>,1,30,0
36,Point,7678,1900,1,0,0,0,0,0,0,0,0,5,0,<Null>,67,9,2019,2019098050,1,40.013,-75.202,1900,6,0,0,0,0,0,0,0,0,<Null>,0,0,0,18,3,2,0,0,40 00:46.826,<Null>,0,75 12:07.125,3,0,0,0,67301,0,0,0,N,0,0,0,4,67301,0,<Null>,1,1,N,N,0,<Null>,2,0,2,3,2,<Null>,1852,2,3,0,0,4,0,0,3,0,3,N,<Null>,<Null>,<Null>,<Null>,<Null>,<Null>,<Null>,<Null>,<Null>,<Null>,<Null>,3,<Null>,<Null>,<Null>,<Null>,1,30,0
37,Point,7761,1115,1,0,0,0,0,0,0,0,0,4,0,<Null>,67,8,2019,2019099009,6,39.9866,-75.2087,1115,6,0,0,0,0,0,1,0,0,1,0,0,0,11,1,0,1,1,39 59:11.745,1,0,75 12:31.480,0,0,0,0,67301,0,0,0,N,0,0,0,2,68K01,0,<Null>,1,1,N,N,0,<Null>,0,0,1,3,3,N,1115,0,2,0,0,0,0,0,3,0,2,N,<Null>,<Null>,<Null>,<Null>,<Null>,<Null>,<Null>,<Null>,<Null>,<Null>,<Null>,3,<Null>,<Null>,<Null>,<Null>,1,30,0
38,Point,7812,312,1,0,0,0,0,0,0,0,0,9,0,<Null>,67,9,2019,2019099615,1,39.9869,-75.206,310,6,0,0,0,0,0,0,0,0,<Null>,0,0,0,3,3,0,0,0,39 59:12.810,<Null>,0,75 12:21.670,9,0,0,0,67301,0,0,0,N,0,0,0,1,67301,0,<Null>,1,9,N,N,0,<Null>,0,0,0,0,0,<Null>,307,0,1,0,0,0,0,1,3,0,1,N,<Null>,<Null>,<Null>,<Null>,<Null>,<Null>,<Null>,<Null>,<Null>,<Null>,<Null>,98,<Null>,<Null>,<Null>,<Null>,1,30,0
39,Point,8223,402,2,0,0,0,0,0,0,0,0,5,0,<Null>,67,10,2019,2019105601,7,39.9593,-75.2139,400,6,0,0,0,0,0,0,0,0,<Null>,0,0,0,3,3,0,0,0,39 57:33.540,<Null>,0,75 12:49.860,9,0,0,0,67301,0,0,0,N,0,0,0,1,67301,0,<Null>,6,1,N,N,0,<Null>,0,0,1,0,0,<Null>,347,0,3,0,0,0,0,1,3,0,3,N,<Null>,<Null>,<Null>,<Null>,<Null>,<Null>,<Null>,<Null>,<Null>,<Null>,<Null>,3,<Null>,<Null>,<Null>,<Null>,1,30,0
40,Point,8292,1540,1,0,0,0,0,0,0,0,0,8,0,<Null>,67,10,2019,2019106516,1,39.9725,-75.2121,1531,6,0,0,0,0,0,1,0,0,<Null>,0,0,0,15,1,1,10,0,39 58:20.921,<Null>,0,75 12:43.411,8,0,0,0,67301,1,0,0,N,1,0,0,2,67301,0,<Null>,1,1,N,N,0,<Null>,0,0,0,0,0,<Null>,1522,1,2,0,0,0,1,0,3,0,1,N,<Null>,<Null>,<Null>,<Null>,<Null>,<Null>,<Null>,<Null>,<Null>,<Null>,<Null>,3,<Null>,<Null>,<Null>,<Null>,1,30,0
41,Point,8708,1430,1,0,0,0,0,0,0,0,0,4,0,<Null>,67,11,2019,2019114845,6,39.9697,-75.2115,1430,6,0,0,0,0,0,1,0,0,<Null>,0,0,0,13,1,0,1,0,39 58:10.789,<Null>,0,75 12:41.484,9,0,0,0,67301,0,0,0,N,0,0,0,4,67301,0,<Null>,1,1,N,N,0,<Null>,0,0,1,3,2,<Null>,1340,0,2,0,0,0,0,1,3,0,2,N,<Null>,<Null>,<Null>,<Null>,<Null>,<Null>,<Null>,<Null>,<Null>,<Null>,<Null>,3,<Null>,<Null>,<Null>,<Null>,1,30,0
42,Point,8919,1005,0,0,0,0,0,0,0,0,0,1,0,<Null>,67,11,2019,2019118358,2,40.0141,-75.2039,1000,6,0,0,0,0,0,0,0,0,<Null>,0,0,0,9,1,0,0,0,40 00:50.636,<Null>,7,75 12:13.957,0,0,0,0,67301,0,0,0,N,0,0,0,2,67301,0,<Null>,1,9,N,N,0,<Null>,0,0,2,0,0,<Null>,900,0,2,0,0,0,0,0,3,0,2,N,<Null>,<Null>,<Null>,<Null>,<Null>,<Null>,<Null>,<Null>,<Null>,<Null>,<Null>,7,<Null>,<Null>,<Null>,<Null>,1,30,0
43,Point,8925,750,2,0,0,0,0,0,0,0,0,4,0,<Null>,67,11,2019,2019118409,2,39.9556,-75.2146,735,6,0,0,0,0,0,0,0,0,3,0,0,0,7,1,2,1,1,39 57:20.232,4,0,75 12:52.728,3,0,0,0,67301,0,0,0,N,0,0,0,2,67301,0,<Null>,1,1,N,N,0,<Null>,2,0,0,3,2,N,715,2,2,0,0,0,0,0,3,0,2,N,<Null>,<Null>,<Null>,<Null>,<Null>,<Null>,<Null>,<Null>,<Null>,<Null>,<Null>,3,<Null>,<Null>,<Null>,<Null>,1,30,0
44,Point,9415,810,0,0,0,0,0,0,0,0,0,4,0,<Null>,67,11,2019,2019122029,4,39.9867,-75.2083,807,6,0,0,0,0,0,1,0,0,<Null>,0,0,0,8,1,0,3,0,39 59:11.983,<Null>,2,75 12:29.919,0,0,0,0,67301,0,0,0,N,0,0,0,2,67301,0,<Null>,1,1,N,N,0,<Null>,0,0,2,3,3,<Null>,804,0,2,0,0,0,0,0,3,0,2,N,<Null>,<Null>,<Null>,<Null>,<Null>,<Null>,<Null>,<Null>,<Null>,<Null>,<Null>,3,<Null>,<Null>,<Null>,<Null>,1,30,0
45,Point,9472,1155,0,0,0,0,0,0,0,0,0,4,0,<Null>,67,11,2019,2019122870,6,39.9786,-75.2136,1147,6,0,0,0,0,0,1,0,0,<Null>,0,0,0,11,1,1,1,0,39 58:42.908,<Null>,0,75 12:49.437,8,0,0,0,67301,0,0,0,N,0,0,0,4,67301,0,<Null>,1,9,N,N,0,<Null>,0,0,3,9,2,<Null>,1146,1,4,0,0,0,1,0,3,1,4,N,<Null>,<Null>,<Null>,<Null>,<Null>,<Null>,<Null>,<Null>,<Null>,<Null>,<Null>,7,<Null>,<Null>,<Null>,<Null>,1,30,0
46,Point,10083,935,1,0,0,0,0,0,0,0,0,7,0,<Null>,67,12,2019,2019130376,4,39.9788,-75.2137,930,6,0,0,0,0,0,0,0,0,<Null>,0,0,0,7,1,0,0,0,39 58:43.686,<Null>,0,75 12:49.252,0,0,0,0,67301,0,0,0,N,0,0,0,1,67301,0,<Null>,5,2,N,N,0,<Null>,0,0,0,3,2,<Null>,715,0,1,0,0,0,0,0,3,0,1,N,<Null>,<Null>,<Null>,<Null>,<Null>,<Null>,<Null>,<Null>,<Null>,<Null>,<Null>,3,<Null>,<Null>,<Null>,<Null>,1,30,0
47,Point,10146,1425,1,0,0,0,0,0,0,0,0,4,0,<Null>,67,12,2019,2019131454,5,39.9697,-75.2115,1425,6,0,0,0,0,0,1,0,0,<Null>,0,0,0,10,1,0,1,0,39 58:10.789,<Null>,0,75 12:41.484,0,0,0,0,67301,0,0,0,N,0,0,0,2,67301,0,<Null>,1,1,N,N,0,<Null>,0,0,1,3,2,<Null>,1000,0,2,0,0,0,0,0,3,0,2,N,<Null>,<Null>,<Null>,<Null>,<Null>,<Null>,<Null>,<Null>,<Null>,<Null>,<Null>,3,<Null>,<Null>,<Null>,<Null>,1,30,0
48,Point,10219,1140,1,0,0,0,0,0,0,0,0,7,0,<Null>,67,12,2019,2019132351,6,39.9867,-75.2083,1140,6,0,0,0,0,0,0,0,0,<Null>,0,0,0,11,1,1,0,0,39 59:12.239,<Null>,0,75 12:27.218,3,0,0,0,67301,0,0,0,N,0,0,0,1,68K01,0,<Null>,4,1,N,N,0,<Null>,1,0,0,3,2,<Null>,1140,1,1,0,0,1,0,0,3,0,1,N,<Null>,<Null>,<Null>,<Null>,<Null>,<Null>,<Null>,<Null>,<Null>,<Null>,<Null>,3,<Null>,<Null>,<Null>,<Null>,1,30,0
49,Point,10238,1743,0,0,0,0,0,0,0,0,0,2,0,<Null>,67,12,2019,2019132477,3,39.9992,-75.1934,1715,6,0,1,0,0,0,0,0,0,9,0,0,0,15,1,3,0,0,39 59:57.100,<Null>,0,75 11:36.120,2,0,0,0,67301,0,0,0,N,0,0,0,3,67301,0,<Null>,1,9,N,N,0,<Null>,0,2,2,0,0,<Null>,1553,3,2,0,0,0,1,0,3,0,2,N,<Null>,<Null>,<Null>,<Null>,<Null>,<Null>,<Null>,<Null>,<Null>,<Null>,<Null>,7,<Null>,<Null>,<Null>,<Null>,1,30,0
50,Point,10632,<Null>,1,0,0,0,0,0,0,0,0,1,0,<Null>,67,1,2019,2020005386,1,39.9697,-75.2115,<Null>,6,0,0,0,0,0,1,0,0,<Null>,0,0,0,3,3,1,1,0,39 58:10.789,<Null>,0,75 12:41.484,8,0,0,0,67301,0,0,0,N,0,0,0,2,0,0,<Null>,1,1,N,N,0,<Null>,0,0,0,3,2,<Null>,313,1,2,0,0,0,1,0,3,1,2,N,<Null>,<Null>,<Null>,<Null>,<Null>,<Null>,<Null>,<Null>,<Null>,<Null>,<Null>,3,<Null>,<Null>,<Null>,<Null>,1,30,0
51,Point,10638,<Null>,1,0,0,0,0,0,0,0,0,4,0,<Null>,67,1,2019,2020005616,6,39.9732,-75.2122,<Null>,6,0,0,1,0,0,0,0,0,<Null>,0,0,0,16,4,1,1,0,39 58:23.653,<Null>,0,75 12:44.012,8,0,0,0,67301,0,0,0,N,0,0,0,4,0,0,<Null>,1,1,N,N,0,<Null>,0,0,1,3,2,<Null>,1630,1,3,0,0,0,1,0,3,0,3,N,<Null>,<Null>,<Null>,<Null>,<Null>,<Null>,<Null>,<Null>,<Null>,<Null>,<Null>,3,<Null>,<Null>,<Null>,<Null>,1,30,0
52,Point,10834,<Null>,1,0,0,0,0,0,0,0,0,1,0,<Null>,67,5,2019,2020011861,5,39.9592,-75.2139,<Null>,6,0,0,0,0,0,1,0,0,<Null>,0,0,0,15,1,2,0,0,39 57:33.000,<Null>,0,75 12:50.000,8,0,0,0,67301,0,0,0,N,0,0,0,2,0,0,<Null>,1,1,N,N,1,<Null>,0,0,0,3,2,<Null>,1525,2,2,0,0,0,2,0,3,0,2,N,<Null>,<Null>,<Null>,<Null>,<Null>,<Null>,<Null>,<Null>,<Null>,<Null>,<Null>,3,<Null>,<Null>,<Null>,<Null>,1,30,0
53,Point,10898,<Null>,2,0,0,0,0,0,0,0,0,1,0,<Null>,67,7,2019,2020013671,4,39.9867,-75.2085,<Null>,6,0,0,0,0,0,1,0,0,<Null>,0,0,0,18,1,1,3,0,39 59:12.000,<Null>,2,75 12:30.500,8,0,0,0,67301,0,0,0,N,0,0,0,2,0,0,<Null>,1,1,N,N,0,<Null>,0,0,0,3,3,<Null>,1830,1,2,0,0,0,1,0,3,0,2,N,<Null>,<Null>,<Null>,<Null>,<Null>,<Null>,<Null>,<Null>,<Null>,<Null>,<Null>,3,<Null>,<Null>,<Null>,<Null>,1,30,0
54,Point,11117,1600,1,0,1,0,0,0,0,0,0,4,0,<Null>,67,10,2019,2020061706,5,39.986,-75.2144,1600,6,0,0,0,0,0,1,0,0,<Null>,0,0,0,15,1,1,0,0,39 59:09.670,<Null>,0,75 12:51.680,2,0,0,0,67301,0,0,0,N,0,0,0,2,67301,0,<Null>,1,99,N,N,0,<Null>,0,1,1,0,0,<Null>,1500,1,2,0,0,0,0,1,3,0,2,N,<Null>,<Null>,<Null>,<Null>,<Null>,<Null>,<Null>,<Null>,<Null>,<Null>,<Null>,7,<Null>,<Null>,<Null>,<Null>,1,30,0
55,Point,533,1425,2,0,0,0,0,0,0,0,0,4,0,<Null>,67,1,2020,2020010524,3,39.9697,-75.2115,1418,6,0,0,0,0,0,0,0,0,<Null>,0,0,0,14,1,3,1,0,39 58:10.789,<Null>,0,75 12:41.484,4,0,0,0,67301,0,0,0,N,0,0,0,3,67301,3,<Null>,1,1,N,N,0,<Null>,0,0,0,3,2,<Null>,1411,3,2,0,0,0,0,0,3,0,2,N,<Null>,<Null>,<Null>,<Null>,<Null>,<Null>,<Null>,<Null>,<Null>,<Null>,<Null>,3,3,<Null>,<Null>,<Null>,1,30,0
56,Point,621,2057,1,0,0,0,0,0,0,0,0,4,0,<Null>,67,1,2020,2020012350,6,39.9626,-75.213,2053,6,0,0,0,0,0,0,0,0,<Null>,0,0,0,20,3,2,1,0,39 57:45.290,<Null>,0,75 12:46.959,3,0,0,0,67301,0,0,0,N,0,0,0,3,67301,0,<Null>,1,9,N,N,0,<Null>,2,0,1,9,2,<Null>,2051,2,2,0,0,0,0,0,3,0,2,N,<Null>,<Null>,<Null>,<Null>,<Null>,<Null>,<Null>,<Null>,<Null>,<Null>,<Null>,7,<Null>,<Null>,<Null>,<Null>,1,30,0
57,Point,650,1540,1,0,0,0,0,0,0,0,0,4,0,<Null>,67,1,2020,2020012671,6,39.9556,-75.2146,1536,6,0,0,0,0,0,1,0,0,<Null>,0,0,0,15,1,2,1,2,39 57:20.206,4,0,75 12:52.512,3,0,0,0,67301,0,0,0,N,0,0,0,3,67301,1,<Null>,1,1,N,N,0,<Null>,1,0,1,3,2,Y,1536,2,2,0,0,0,0,0,3,0,2,N,<Null>,<Null>,<Null>,<Null>,<Null>,<Null>,<Null>,<Null>,<Null>,<Null>,1606,3,3,<Null>,<Null>,<Null>,1,30,0
58,Point,870,753,2,0,0,0,0,0,0,0,0,4,0,<Null>,67,2,2020,2020014889,6,39.9786,-75.2136,738,6,0,0,0,0,0,0,0,0,<Null>,0,0,0,7,1,0,1,1,39 58:42.950,4,0,75 12:49.048,0,0,0,0,67301,0,0,0,N,0,0,0,2,67301,0,<Null>,1,9,N,N,0,<Null>,0,0,0,3,2,Y,705,0,2,0,0,0,0,0,3,0,2,N,<Null>,<Null>,<Null>,<Null>,<Null>,<Null>,<Null>,<Null>,<Null>,<Null>,100,7,<Null>,<Null>,<Null>,<Null>,1,30,0
59,Point,896,1045,1,0,0,0,0,0,0,0,0,4,0,<Null>,67,2,2020,2020015153,7,39.9545,-75.2149,1011,6,0,0,0,0,0,0,1,0,<Null>,0,0,0,10,1,0,1,0,39 57:16.045,<Null>,0,75 12:53.647,0,0,0,0,67301,0,0,0,N,0,0,0,2,67301,0,<Null>,1,1,N,N,0,<Null>,0,0,1,3,3,<Null>,1002,0,2,0,0,2,0,0,3,0,2,N,<Null>,<Null>,<Null>,<Null>,<Null>,<Null>,<Null>,<Null>,<Null>,<Null>,<Null>,3,3,<Null>,<Null>,<Null>,1,30,0
60,Point,1191,503,2,0,0,0,0,0,0,0,0,4,0,<Null>,67,2,2020,2020018673,4,39.9586,-75.214,503,6,0,0,0,0,0,0,0,0,<Null>,0,0,0,5,3,1,1,2,39 57:30.898,3,0,75 12:50.353,8,0,0,0,67301,0,0,0,N,0,0,0,3,67301,0,<Null>,1,1,N,N,0,<Null>,0,0,0,9,2,Y,500,1,2,0,0,0,1,2,3,0,2,N,<Null>,<Null>,<Null>,<Null>,<Null>,<Null>,<Null>,<Null>,<Null>,<Null>,800,3,3,<Null>,<Null>,<Null>,1,30,0
61,Point,1229,1243,0,0,0,0,0,0,0,0,0,7,0,99,67,2,2020,2020019345,5,39.9786,-75.2136,1234,6,0,0,0,0,0,0,0,0,<Null>,0,0,0,12,1,2,1,0,39 58:42.950,<Null>,0,75 12:49.048,3,0,0,0,67301,0,0,0,N,0,0,0,2,67301,0,<Null>,4,1,N,N,0,<Null>,2,0,1,3,2,<Null>,1228,2,1,0,0,0,0,0,3,0,1,Y,2,1,Y,N,N,Y,Y,N,N,N,<Null>,3,<Null>,<Null>,<Null>,<Null>,1,30,0
62,Point,1387,707,3,0,0,0,0,0,0,0,0,2,0,<Null>,67,2,2020,2020020668,6,39.9697,-75.2115,700,6,1,0,0,0,0,0,0,0,<Null>,0,0,0,6,1,1,1,0,39 58:10.789,<Null>,0,75 12:41.484,8,0,0,0,67301,0,0,0,N,0,0,0,3,67301,0,<Null>,1,1,N,N,0,<Null>,0,0,0,3,2,<Null>,659,1,3,0,0,2,1,0,3,0,3,N,<Null>,<Null>,<Null>,<Null>,<Null>,<Null>,<Null>,<Null>,<Null>,<Null>,<Null>,3,<Null>,<Null>,<Null>,<Null>,1,30,0
63,Point,1872,446,1,0,0,0,0,0,0,0,0,1,0,<Null>,67,3,2020,2020026522,6,39.9858,-75.2156,444,6,0,0,0,0,0,0,0,0,<Null>,0,0,0,4,3,1,1,0,39 59:08.888,<Null>,0,75 12:56.190,8,0,0,0,67301,0,0,0,N,0,0,0,2,68K01,0,<Null>,1,9,N,N,0,<Null>,0,0,1,3,2,<Null>,443,1,2,0,0,0,1,0,3,0,2,N,<Null>,<Null>,<Null>,<Null>,<Null>,<Null>,<Null>,<Null>,<Null>,<Null>,<Null>,7,<Null>,<Null>,N,<Null>,1,30,0
64,Point,2176,1438,1,0,0,0,0,0,0,0,0,4,0,<Null>,67,3,2020,2020029671,2,39.9856,-75.2131,1438,6,0,0,0,0,0,1,0,0,<Null>,0,0,0,14,1,2,0,2,39 59:08.080,3,0,75 12:47.030,8,0,0,0,67301,0,0,0,N,0,0,0,2,68K01,0,<Null>,1,9,N,N,1,<Null>,0,0,0,0,0,Y,1438,2,2,0,0,0,2,0,3,0,2,N,<Null>,<Null>,<Null>,<Null>,<Null>,<Null>,<Null>,<Null>,<Null>,<Null>,1515,7,<Null>,<Null>,<Null>,<Null>,1,30,0
65,Point,2403,1118,2,0,0,0,0,0,0,0,0,4,0,<Null>,67,4,2020,2020031886,2,39.9587,-75.214,1116,6,0,0,0,0,0,1,0,0,<Null>,0,0,0,11,1,0,1,0,39 57:31.195,<Null>,0,75 12:50.358,0,0,0,0,67301,0,0,0,N,0,0,0,2,67301,0,<Null>,1,1,N,N,0,<Null>,0,0,0,3,2,<Null>,1110,0,2,0,0,0,0,0,3,0,2,N,<Null>,<Null>,<Null>,<Null>,<Null>,<Null>,<Null>,<Null>,<Null>,<Null>,<Null>,3,3,<Null>,N,<Null>,1,30,0
66,Point,2413,815,2,0,0,0,0,0,0,0,0,6,0,<Null>,67,3,2020,2020031953,7,39.9856,-75.2132,803,6,0,0,0,0,0,0,0,0,<Null>,0,0,0,8,1,1,1,0,39 59:08.260,<Null>,0,75 12:47.375,3,0,0,0,67301,0,0,0,N,0,0,0,2,67301,0,<Null>,1,9,N,N,0,<Null>,1,0,0,0,0,<Null>,801,1,2,0,0,0,0,0,3,0,2,N,<Null>,<Null>,<Null>,<Null>,<Null>,<Null>,<Null>,<Null>,<Null>,<Null>,<Null>,7,7,<Null>,N,N,1,30,0
67,Point,2414,1251,0,0,0,0,0,0,0,0,0,2,0,<Null>,67,3,2020,2020031954,7,39.9856,-75.2132,1245,6,0,0,0,0,0,0,0,0,<Null>,0,0,0,12,1,4,1,0,39 59:08.260,<Null>,0,75 12:47.375,8,0,0,0,67301,0,0,0,N,0,0,0,4,67301,0,<Null>,1,9,N,N,0,<Null>,0,0,2,0,0,<Null>,1241,4,2,0,0,0,4,0,3,0,2,N,<Null>,<Null>,<Null>,<Null>,<Null>,<Null>,<Null>,<Null>,<Null>,<Null>,<Null>,7,7,<Null>,N,<Null>,1,30,0
68,Point,2818,2046,1,0,0,0,0,0,0,0,0,7,0,<Null>,67,4,2020,2020035270,2,39.9586,-75.214,2046,6,0,0,0,0,0,0,1,0,<Null>,0,0,0,19,6,0,1,0,39 57:30.906,<Null>,0,75 12:50.417,9,0,0,0,67301,0,0,0,N,0,0,0,1,67301,0,<Null>,9,99,N,N,0,<Null>,0,0,0,9,2,<Null>,1939,0,1,0,0,0,0,1,3,0,1,N,<Null>,<Null>,<Null>,<Null>,<Null>,<Null>,<Null>,<Null>,<Null>,<Null>,<Null>,3,3,<Null>,N,<Null>,1,30,0
69,Point,2919,1540,1,0,0,0,0,0,0,0,0,8,0,<Null>,67,5,2020,2020036121,7,39.9529,-75.2122,1534,6,0,0,0,0,0,0,0,1,<Null>,0,0,0,15,1,1,1,0,39 57:10.335,<Null>,0,75 12:43.862,8,0,0,0,67301,1,0,0,N,1,0,0,2,67301,0,<Null>,1,1,N,N,0,<Null>,0,0,0,3,2,<Null>,1532,1,2,0,0,0,1,0,3,0,1,N,<Null>,<Null>,<Null>,<Null>,<Null>,<Null>,<Null>,<Null>,<Null>,<Null>,<Null>,3,<Null>,<Null>,N,<Null>,1,30,0
70,Point,3047,1835,3,0,0,0,0,0,0,0,0,4,0,<Null>,67,5,2020,2020036921,3,39.9858,-75.2156,1835,6,0,0,0,0,0,0,0,0,<Null>,0,0,0,18,1,1,1,0,39 59:08.888,<Null>,0,75 12:56.190,3,0,0,0,67301,0,0,0,N,0,0,0,4,67301,0,<Null>,1,1,N,N,0,<Null>,1,0,0,3,2,<Null>,1820,1,3,0,0,0,0,0,3,0,3,N,<Null>,<Null>,<Null>,<Null>,<Null>,<Null>,<Null>,<Null>,<Null>,<Null>,<Null>,4,4,<Null>,N,N,1,30,0
71,Point,3491,558,1,0,0,0,0,0,0,0,0,5,0,<Null>,67,5,2020,2020041241,2,39.9663,-75.2135,538,6,0,0,0,0,0,0,0,0,<Null>,0,0,0,4,3,0,0,1,39 57:58.640,5,0,75 12:48.570,9,0,0,0,67301,0,0,0,N,0,0,0,1,67301,0,<Null>,6,1,N,N,0,<Null>,0,0,1,0,0,Y,430,0,2,0,0,0,0,1,3,0,2,N,<Null>,<Null>,<Null>,<Null>,<Null>,<Null>,<Null>,<Null>,<Null>,<Null>,640,3,<Null>,<Null>,N,N,1,30,0
72,Point,3499,735,2,0,0,0,0,0,0,0,0,4,0,<Null>,67,5,2020,2020041249,6,39.9766,-75.2131,728,6,0,0,0,0,0,0,0,0,<Null>,0,0,0,7,1,0,2,0,39 58:35.613,<Null>,0,75 12:47.140,0,0,0,0,67301,0,0,0,N,0,0,0,2,67301,0,<Null>,1,1,N,N,0,<Null>,0,0,0,0,0,<Null>,725,0,2,0,0,0,0,0,3,0,2,N,<Null>,<Null>,<Null>,<Null>,<Null>,<Null>,<Null>,<Null>,<Null>,<Null>,<Null>,3,3,<Null>,N,<Null>,1,30,0
73,Point,3932,52,2,0,0,0,0,0,0,0,0,1,0,<Null>,67,6,2020,2020046366,7,39.9867,-75.2076,52,6,0,0,0,0,0,0,0,0,<Null>,0,0,0,23,3,0,1,0,39 59:12.288,<Null>,2,75 12:27.201,0,0,0,0,67301,0,0,0,N,0,0,0,3,67301,0,<Null>,1,1,N,N,0,<Null>,0,0,0,3,2,<Null>,2345,0,2,0,0,0,0,0,3,0,2,N,<Null>,<Null>,<Null>,<Null>,<Null>,<Null>,<Null>,<Null>,<Null>,<Null>,<Null>,3,3,<Null>,N,<Null>,1,30,0
74,Point,4153,528,1,0,0,0,0,0,0,0,0,7,0,<Null>,67,6,2020,2020048529,1,39.9732,-75.2122,528,6,0,0,0,0,0,0,0,0,<Null>,0,0,0,5,3,0,1,0,39 58:23.653,<Null>,0,75 12:44.012,9,0,0,0,67301,0,0,0,N,0,0,0,1,67301,0,<Null>,3,1,N,N,0,<Null>,0,0,0,3,2,<Null>,500,0,1,0,0,0,0,1,3,0,1,N,<Null>,<Null>,<Null>,<Null>,<Null>,<Null>,<Null>,<Null>,<Null>,<Null>,<Null>,3,<Null>,<Null>,N,<Null>,1,30,0
75,Point,4256,1729,1,0,0,0,0,0,0,0,0,8,0,<Null>,67,6,2020,2020049643,3,39.9725,-75.2121,1721,6,0,0,0,0,0,0,0,0,<Null>,0,0,0,15,1,1,3,0,39 58:20.921,<Null>,0,75 12:43.411,8,0,0,0,67301,1,0,0,N,1,0,0,2,67301,0,<Null>,1,1,N,N,0,<Null>,0,0,0,0,0,<Null>,1507,1,2,0,0,0,1,0,3,0,1,N,<Null>,<Null>,<Null>,<Null>,<Null>,<Null>,<Null>,<Null>,<Null>,<Null>,<Null>,3,3,<Null>,N,<Null>,1,30,0
76,Point,4424,2334,1,0,0,0,0,0,0,0,0,7,0,<Null>,67,7,2020,2020051874,4,39.9854,-75.2115,2330,6,0,0,0,0,0,0,0,0,<Null>,0,0,0,23,2,1,0,0,39 59:07.600,<Null>,0,75 12:41.400,4,0,0,0,67301,0,0,0,N,0,0,0,1,67301,1,<Null>,4,1,N,N,0,<Null>,0,0,0,0,0,<Null>,2319,1,2,0,0,0,0,0,3,0,1,N,<Null>,<Null>,<Null>,<Null>,<Null>,<Null>,<Null>,<Null>,<Null>,<Null>,<Null>,3,<Null>,<Null>,N,N,1,30,0
77,Point,4436,850,0,0,0,0,0,0,0,0,0,4,0,<Null>,67,7,2020,2020051989,4,39.9586,-75.214,847,6,0,0,0,0,0,0,0,0,<Null>,0,0,0,8,3,1,1,0,39 57:30.898,<Null>,1,75 12:50.353,2,0,1,1,67301,0,0,0,N,0,0,0,2,67301,0,<Null>,1,1,N,N,1,<Null>,0,1,1,3,2,<Null>,844,1,3,0,0,0,0,0,3,0,3,N,<Null>,<Null>,<Null>,<Null>,<Null>,<Null>,<Null>,<Null>,<Null>,<Null>,<Null>,3,<Null>,<Null>,N,<Null>,1,30,0
78,Point,4848,1832,0,0,0,1,0,0,0,0,0,4,0,<Null>,67,7,2020,2020056351,5,39.9803,-75.2141,1828,6,0,0,0,0,0,0,0,0,<Null>,0,0,0,18,1,1,1,0,39 58:48.993,<Null>,0,75 12:51.108,3,0,0,0,67301,1,0,0,N,0,0,0,2,67301,0,<Null>,1,1,N,N,0,<Null>,1,0,0,3,2,<Null>,1823,1,2,0,0,0,0,0,3,0,1,N,<Null>,<Null>,<Null>,<Null>,<Null>,<Null>,<Null>,<Null>,<Null>,<Null>,<Null>,3,3,<Null>,N,<Null>,1,30,0
79,Point,4867,1230,1,0,0,0,0,0,0,0,0,2,0,<Null>,67,7,2020,2020056656,3,39.9732,-75.2122,1214,6,0,0,0,0,0,0,0,0,<Null>,0,0,0,12,8,0,1,0,39 58:23.653,<Null>,0,75 12:44.012,9,0,0,1,67301,0,0,0,N,0,0,0,2,67301,0,<Null>,1,1,N,N,0,<Null>,0,0,0,3,2,<Null>,1213,0,2,0,0,0,0,1,3,0,2,N,<Null>,<Null>,<Null>,<Null>,<Null>,<Null>,<Null>,<Null>,<Null>,<Null>,<Null>,3,3,<Null>,N,<Null>,1,30,0
80,Point,5123,1434,0,0,0,0,0,0,0,0,0,1,0,<Null>,67,7,2020,2020059022,4,39.9605,-75.2136,1434,6,0,0,1,0,0,0,0,0,<Null>,0,0,0,14,1,2,0,0,39 57:37.640,<Null>,0,75 12:48.850,3,0,0,0,67301,0,0,0,N,0,0,0,3,67301,0,<Null>,1,1,N,N,0,<Null>,2,0,1,0,0,<Null>,1410,2,2,0,0,0,0,0,3,1,2,N,<Null>,<Null>,<Null>,<Null>,<Null>,<Null>,<Null>,<Null>,<Null>,<Null>,<Null>,3,<Null>,<Null>,N,N,1,30,0
81,Point,5397,2117,0,0,0,0,0,0,0,0,0,4,0,<Null>,67,8,2020,2020061512,7,39.9867,-75.2076,2106,6,0,0,0,0,0,1,0,0,<Null>,0,0,0,20,3,0,1,0,39 59:12.288,<Null>,2,75 12:27.201,0,0,0,0,67301,0,0,0,N,0,0,0,2,67301,0,<Null>,1,1,N,N,1,<Null>,0,0,1,3,2,<Null>,2041,0,2,0,0,0,0,0,3,0,2,N,<Null>,<Null>,<Null>,<Null>,<Null>,<Null>,<Null>,<Null>,<Null>,<Null>,<Null>,3,<Null>,<Null>,N,<Null>,1,30,0
82,Point,5476,42,2,0,0,0,0,0,0,0,0,4,0,<Null>,67,8,2020,2020062698,2,39.9858,-75.2156,42,6,0,0,0,1,0,0,0,0,<Null>,0,0,0,23,3,2,1,0,39 59:08.741,<Null>,0,75 12:56.531,3,0,0,0,67301,0,0,0,N,0,0,0,2,67301,0,<Null>,1,8,N,N,0,<Null>,1,0,0,3,2,<Null>,2318,2,2,0,0,0,1,0,3,0,2,N,<Null>,<Null>,<Null>,<Null>,<Null>,<Null>,<Null>,<Null>,<Null>,<Null>,<Null>,7,4,<Null>,N,<Null>,1,30,0
83,Point,5519,952,0,0,0,0,0,0,0,0,0,1,0,<Null>,67,7,2020,2020063032,6,39.9718,-75.2119,951,6,0,0,0,0,0,1,0,0,<Null>,0,0,0,9,1,4,0,1,39 58:18.602,2,0,75 12:42.927,4,0,0,0,67301,0,0,0,N,0,0,0,5,67301,4,<Null>,1,9,N,N,1,<Null>,0,0,1,3,2,N,930,4,2,0,0,0,0,0,3,0,2,N,<Null>,<Null>,<Null>,<Null>,<Null>,<Null>,<Null>,<Null>,<Null>,<Null>,100,7,7,<Null>,N,Y,1,30,0
84,Point,5630,116,1,0,0,0,0,0,0,0,0,4,0,<Null>,67,8,2020,2020063780,6,39.9666,-75.2135,114,6,0,0,0,0,0,0,0,0,<Null>,0,0,0,22,3,1,1,0,39 57:59.705,<Null>,0,75 12:48.690,3,0,0,0,67301,0,0,0,N,0,0,0,2,67301,0,<Null>,1,9,N,N,0,<Null>,1,0,1,3,2,<Null>,2243,1,2,0,0,0,0,1,3,0,2,N,<Null>,<Null>,<Null>,<Null>,<Null>,<Null>,<Null>,<Null>,<Null>,<Null>,<Null>,3,3,<Null>,N,<Null>,1,30,0
85,Point,5770,1901,2,0,0,0,0,0,0,0,0,5,0,<Null>,67,7,2020,2020065218,6,39.9786,-75.2137,1901,6,0,0,0,0,0,0,0,0,<Null>,0,0,0,19,1,3,0,1,39 58:43.102,1,0,75 12:49.490,8,0,0,0,67301,0,0,0,N,0,0,0,3,68K01,0,<Null>,1,1,N,N,0,<Null>,0,0,0,3,2,N,1901,3,2,0,0,2,3,0,3,0,2,N,<Null>,<Null>,<Null>,<Null>,<Null>,<Null>,<Null>,<Null>,<Null>,<Null>,1901,3,<Null>,<Null>,<Null>,<Null>,1,30,0
86,Point,5904,2214,1,0,0,0,0,0,0,0,0,1,0,<Null>,67,8,2020,2020066713,3,39.9732,-75.2122,2214,6,0,0,0,0,0,1,0,0,<Null>,0,0,0,22,3,2,1,1,39 58:23.653,4,0,75 12:44.012,3,0,0,0,67301,0,0,0,N,0,0,0,3,67301,0,<Null>,1,1,N,N,0,<Null>,2,0,1,3,2,N,2214,2,2,0,0,0,0,0,3,0,2,N,<Null>,<Null>,<Null>,<Null>,<Null>,<Null>,<Null>,<Null>,<Null>,<Null>,50,3,3,<Null>,N,<Null>,1,30,0
87,Point,6066,1148,0,0,0,0,0,0,0,0,0,4,0,<Null>,67,8,2020,2020068246,5,39.9858,-75.2156,2325,6,0,0,0,0,0,0,0,0,<Null>,0,0,0,19,1,1,1,0,39 59:08.741,<Null>,0,75 12:56.531,8,0,0,1,67301,0,0,0,N,0,0,0,2,67301,0,<Null>,1,1,N,N,0,<Null>,0,0,1,3,2,<Null>,1940,1,2,0,0,0,1,1,3,0,2,N,<Null>,<Null>,<Null>,<Null>,<Null>,<Null>,<Null>,<Null>,<Null>,<Null>,<Null>,3,3,<Null>,N,<Null>,1,30,0
88,Point,6632,1334,2,0,0,0,0,0,0,0,0,4,0,<Null>,67,8,2020,2020074446,2,39.9697,-75.2115,1327,6,0,0,0,0,0,0,0,0,<Null>,0,0,0,13,1,1,1,0,39 58:10.789,<Null>,0,75 12:41.484,3,0,0,0,67301,0,0,0,N,0,0,0,3,67301,0,<Null>,1,1,N,N,0,<Null>,1,0,0,0,0,<Null>,1310,1,2,0,0,0,0,1,3,0,2,N,<Null>,<Null>,<Null>,<Null>,<Null>,<Null>,<Null>,<Null>,<Null>,<Null>,<Null>,3,<Null>,<Null>,N,<Null>,1,30,0
89,Point,6735,200,2,0,0,0,0,0,0,0,0,5,0,<Null>,67,9,2020,2020075815,3,39.9565,-75.2145,152,6,0,0,0,0,0,0,0,0,<Null>,0,0,0,0,3,0,0,0,39 57:23.470,<Null>,0,75 12:52.040,0,0,0,0,67301,0,0,0,N,0,0,0,1,67301,0,<Null>,6,1,N,N,0,<Null>,0,0,0,0,0,<Null>,30,0,3,0,0,0,0,0,3,0,3,N,<Null>,<Null>,<Null>,<Null>,<Null>,<Null>,<Null>,<Null>,<Null>,<Null>,<Null>,3,3,<Null>,N,N,1,30,0
90,Point,7117,614,1,0,0,0,0,0,0,0,0,4,0,<Null>,67,9,2020,2020079686,4,39.9732,-75.2122,614,6,0,0,0,0,1,0,0,0,<Null>,0,0,0,6,5,1,1,1,39 58:23.653,6,0,75 12:44.012,3,0,0,0,67301,0,0,0,N,0,0,0,2,67301,0,<Null>,1,1,N,N,0,<Null>,1,0,1,3,2,Y,602,1,2,0,0,0,0,1,3,0,2,N,<Null>,<Null>,<Null>,<Null>,<Null>,<Null>,<Null>,<Null>,<Null>,<Null>,635,3,<Null>,<Null>,Y,<Null>,1,30,0
91,Point,7650,2333,0,0,0,0,0,0,0,0,0,8,0,<Null>,67,9,2020,2020086200,4,39.9778,-75.2134,2330,6,0,0,0,0,0,0,0,0,<Null>,1,0,0,23,3,2,1,0,39 58:39.965,<Null>,0,75 12:48.419,1,0,0,0,67301,3,1,1,N,3,1,1,4,67301,1,2,5,9,N,N,0,0,0,1,1,3,2,<Null>,2325,2,4,0,0,1,0,0,3,0,1,N,<Null>,<Null>,<Null>,<Null>,<Null>,<Null>,<Null>,<Null>,<Null>,<Null>,<Null>,3,3,<Null>,N,N,1,30,0
92,Point,8391,1557,0,0,0,0,0,0,0,0,0,8,0,<Null>,67,11,2020,2020099986,6,39.9556,-75.2146,1552,6,0,0,0,0,0,0,0,1,<Null>,1,0,0,15,1,0,1,2,39 57:20.217,7,0,75 12:52.754,1,0,0,0,67301,1,1,0,N,1,1,0,3,67301,0,2,1,1,N,N,0,0,0,0,1,3,2,Y,1542,0,2,0,0,1,0,0,3,0,1,N,<Null>,<Null>,<Null>,<Null>,<Null>,<Null>,<Null>,<Null>,<Null>,<Null>,1800,3,3,<Null>,N,N,1,30,0
93,Point,8701,1054,2,0,0,0,0,0,0,0,0,4,0,<Null>,67,12,2020,2020108941,3,39.9532,-75.215,1054,6,0,0,0,0,0,0,0,0,<Null>,0,0,0,10,1,0,0,1,39 57:11.610,4,0,75 12:53.930,0,0,0,0,67301,0,0,0,N,0,0,0,4,67301,0,<Null>,1,1,N,N,0,<Null>,0,0,0,0,0,N,1054,0,2,0,0,0,0,0,3,0,2,N,<Null>,<Null>,<Null>,<Null>,<Null>,<Null>,<Null>,<Null>,<Null>,<Null>,1149,3,3,<Null>,N,N,1,30,0
94,Point,8807,<Null>,0,0,0,0,0,0,0,0,0,4,0,<Null>,67,1,2020,2020112939,3,39.9941,-75.1972,<Null>,6,0,0,0,0,0,1,0,0,<Null>,0,0,0,9,1,1,0,0,39 59:38.580,<Null>,0,75 11:50.040,8,0,0,0,67301,0,0,0,N,0,0,0,2,0,0,<Null>,1,1,<Null>,<Null>,0,<Null>,0,0,1,0,0,<Null>,940,1,2,0,0,0,1,0,3,1,2,N,<Null>,<Null>,<Null>,<Null>,<Null>,<Null>,<Null>,<Null>,<Null>,<Null>,<Null>,3,<Null>,<Null>,N,N,1,30,0
95,Point,8817,<Null>,1,0,0,0,0,0,0,0,0,4,0,<Null>,67,1,2020,2020112993,5,39.9865,-75.2051,<Null>,6,0,0,0,0,0,0,0,0,<Null>,0,0,0,15,1,0,2,0,39 59:11.490,<Null>,0,75 12:18.431,0,0,0,0,67301,0,0,0,N,0,0,0,2,0,0,<Null>,1,1,<Null>,<Null>,0,<Null>,0,0,1,3,3,<Null>,1500,0,2,0,0,0,0,0,3,0,2,N,<Null>,<Null>,<Null>,<Null>,<Null>,<Null>,<Null>,<Null>,<Null>,<Null>,<Null>,3,<Null>,<Null>,N,<Null>,1,30,0
96,Point,9008,1330,0,0,0,0,0,0,0,0,0,6,0,<Null>,67,3,2020,2021004116,1,39.9858,-75.2156,<Null>,6,0,0,0,0,0,0,0,0,<Null>,0,0,0,13,1,1,1,0,39 59:08.888,<Null>,0,75 12:56.190,8,0,0,0,67301,0,0,0,N,0,0,0,3,0,0,<Null>,1,1,<Null>,<Null>,0,<Null>,0,0,2,3,2,<Null>,1330,1,3,0,0,0,1,0,3,0,3,N,<Null>,<Null>,<Null>,<Null>,<Null>,<Null>,<Null>,<Null>,<Null>,<Null>,<Null>,3,<Null>,<Null>,N,<Null>,1,30,0
97,Point,9054,1817,2,0,0,0,0,0,0,0,0,4,0,<Null>,67,7,2020,2021011192,2,39.9786,-75.2136,<Null>,6,0,0,0,0,0,0,0,0,<Null>,0,0,0,18,1,0,1,0,39 58:42.950,<Null>,0,75 12:49.048,0,0,0,0,67301,0,0,0,N,0,0,0,2,0,0,<Null>,1,1,<Null>,<Null>,0,<Null>,0,0,0,3,2,<Null>,1817,0,2,0,0,0,0,0,3,0,2,N,<Null>,<Null>,<Null>,<Null>,<Null>,<Null>,<Null>,<Null>,<Null>,<Null>,<Null>,3,<Null>,<Null>,N,<Null>,1,30,0
98,Point,9199,2057,2,0,0,0,0,0,0,0,0,4,0,<Null>,67,10,2020,2020089573,7,39.9529,-75.2122,2056,6,0,0,0,0,0,0,0,0,<Null>,0,0,0,20,3,1,1,0,39 57:10.335,<Null>,0,75 12:43.862,3,0,0,0,67301,0,0,0,N,0,0,0,2,67301,0,<Null>,1,1,N,N,0,<Null>,1,0,0,3,2,<Null>,2053,1,2,0,0,1,0,0,3,0,2,N,<Null>,<Null>,<Null>,<Null>,<Null>,<Null>,<Null>,<Null>,<Null>,<Null>,<Null>,3,<Null>,<Null>,N,<Null>,1,30,0
99,Point,9200,2005,2,0,0,0,0,0,0,0,0,4,0,<Null>,67,10,2020,2020089572,7,39.9571,-75.2143,1958,6,0,0,0,1,0,0,0,0,<Null>,0,0,0,19,3,2,1,0,39 57:25.696,<Null>,0,75 12:51.617,3,0,0,0,67301,0,0,0,N,0,0,0,4,67301,0,<Null>,1,1,N,N,0,<Null>,2,0,0,3,2,<Null>,1953,2,2,0,0,0,0,0,3,0,2,N,<Null>,<Null>,<Null>,<Null>,<Null>,<Null>,<Null>,<Null>,<Null>,<Null>,<Null>,3,3,<Null>,N,<Null>,1,30,0
100,Point,9325,1006,2,0,0,0,0,0,0,0,0,6,0,<Null>,67,11,2020,2020095296,5,39.9723,-75.212,1005,6,0,0,0,0,0,0,0,0,<Null>,0,0,0,10,1,0,0,0,39 58:20.309,<Null>,0,75 12:43.283,0,0,0,0,67301,0,0,0,N,0,0,0,1,67301,0,<Null>,9,1,N,N,1,<Null>,0,0,1,0,0,<Null>,1000,0,4,0,0,0,0,0,3,0,4,N,<Null>,<Null>,<Null>,<Null>,<Null>,<Null>,<Null>,<Null>,<Null>,<Null>,<Null>,3,3,<Null>,N,N,1,30,0
101,Point,10063,110,2,0,0,0,0,0,0,0,0,5,0,<Null>,67,12,2020,2020113360,3,39.9551,-75.2148,100,6,0,0,0,1,0,0,0,0,<Null>,0,0,0,0,3,0,0,0,39 57:18.480,<Null>,0,75 12:53.110,0,0,0,0,67301,0,0,0,N,0,0,0,1,67301,0,<Null>,1,1,N,N,0,<Null>,0,0,1,0,0,<Null>,47,0,3,0,0,1,0,0,3,0,3,N,<Null>,<Null>,<Null>,<Null>,<Null>,<Null>,<Null>,<Null>,<Null>,<Null>,<Null>,3,3,<Null>,Y,N,1,30,0
102,Point,222,317,2,0,0,0,0,0,0,0,0,4,0,<Null>,67,1,2021,2021006017,6,39.9762,-75.213,316,6,0,0,0,0,0,0,0,0,<Null>,0,0,0,3,3,0,2,2,39 58:34.181,6,0,75 12:46.765,0,0,0,0,67301,0,0,0,N,0,0,0,1,67301,0,<Null>,4,1,N,N,0,<Null>,0,0,0,0,0,Y,316,0,2,0,0,0,0,0,3,0,2,N,<Null>,<Null>,<Null>,<Null>,<Null>,<Null>,<Null>,<Null>,<Null>,<Null>,500,3,3,<Null>,N,<Null>,1,30,0
103,Point,278,905,1,0,0,0,0,0,0,0,0,1,0,<Null>,67,2,2021,2021016038,3,39.9732,-75.2122,858,6,0,0,0,0,0,0,0,0,<Null>,0,1,0,8,1,1,1,0,39 58:23.653,<Null>,0,75 12:44.012,3,0,0,0,67301,0,0,0,N,0,0,0,2,67301,0,<Null>,1,9,N,N,0,<Null>,1,0,0,3,2,<Null>,841,1,2,0,0,0,0,0,3,0,2,N,<Null>,<Null>,<Null>,<Null>,<Null>,<Null>,<Null>,<Null>,<Null>,<Null>,<Null>,4,7,<Null>,N,<Null>,1,30,0
104,Point,281,2311,1,0,0,0,0,0,0,0,0,4,0,<Null>,67,4,2021,2021030234,5,39.9732,-75.2122,2311,6,0,0,0,0,0,0,0,0,<Null>,0,0,0,22,3,0,1,0,39 58:23.653,<Null>,0,75 12:44.012,0,0,0,0,67301,0,0,0,N,0,0,0,1,67301,0,<Null>,1,1,N,N,0,<Null>,0,0,0,3,2,<Null>,2230,0,2,0,0,0,0,0,3,0,2,N,<Null>,<Null>,<Null>,<Null>,<Null>,<Null>,<Null>,<Null>,<Null>,<Null>,<Null>,3,<Null>,<Null>,N,<Null>,1,30,0
105,Point,696,1851,0,0,0,0,0,0,0,0,0,8,0,<Null>,67,1,2021,2021005962,6,40.0147,-75.2058,1844,6,0,0,0,0,0,0,0,0,<Null>,0,0,0,18,3,1,1,0,40 00:53.344,<Null>,0,75 12:22.970,3,0,0,0,67301,1,0,0,N,1,0,0,2,67301,0,<Null>,1,1,N,N,0,<Null>,1,0,1,3,2,<Null>,1842,1,2,0,0,0,0,0,3,0,1,N,<Null>,<Null>,<Null>,<Null>,<Null>,<Null>,<Null>,<Null>,<Null>,<Null>,<Null>,3,3,<Null>,N,<Null>,1,30,0
106,Point,906,1156,1,0,0,0,0,0,0,0,0,2,0,<Null>,67,1,2021,2021008848,1,39.9697,-75.2115,1156,6,0,0,0,0,0,0,0,0,<Null>,0,0,0,11,1,1,1,0,39 58:10.789,<Null>,0,75 12:41.484,4,0,0,0,67301,0,0,0,N,0,0,0,5,67301,1,<Null>,1,1,N,N,0,<Null>,0,0,2,3,2,<Null>,1152,1,3,0,0,1,0,1,3,0,3,N,<Null>,<Null>,<Null>,<Null>,<Null>,<Null>,<Null>,<Null>,<Null>,<Null>,<Null>,3,3,<Null>,N,<Null>,1,30,0
107,Point,1055,2140,1,0,0,0,0,0,0,0,0,7,0,<Null>,67,2,2021,2021015426,6,39.9839,-75.2151,2127,6,0,0,0,0,0,1,0,0,<Null>,0,0,0,20,3,1,0,0,39 59:02.207,<Null>,0,75 12:54.354,3,0,0,0,67301,0,0,0,N,0,0,0,1,67301,0,<Null>,4,1,N,N,0,<Null>,1,0,0,0,0,<Null>,2056,1,1,0,0,0,0,0,3,0,1,N,<Null>,<Null>,<Null>,<Null>,<Null>,<Null>,<Null>,<Null>,<Null>,<Null>,<Null>,3,3,<Null>,N,N,1,30,0
108,Point,1229,1736,1,0,0,0,0,0,0,0,0,4,0,<Null>,67,3,2021,2021027333,3,39.9762,-75.213,1717,6,0,0,0,0,0,1,0,0,<Null>,0,0,0,16,1,2,3,0,39 58:34.181,<Null>,0,75 12:46.765,3,0,0,0,67301,0,0,0,N,0,0,0,4,67301,0,<Null>,1,1,N,N,0,<Null>,2,0,1,0,0,<Null>,1645,2,2,0,0,0,0,0,3,0,2,N,<Null>,<Null>,<Null>,<Null>,<Null>,<Null>,<Null>,<Null>,<Null>,<Null>,<Null>,3,3,<Null>,N,<Null>,1,30,0
109,Point,1233,1121,1,0,0,0,0,0,1,0,0,4,1,<Null>,67,7,2021,2021075189,4,39.9564,-75.2145,1121,6,0,0,0,0,0,0,0,0,<Null>,0,0,0,11,1,2,1,0,39 57:22.874,<Null>,0,75 12:52.174,8,0,0,0,67301,0,0,0,N,0,0,0,4,67301,0,<Null>,1,1,N,N,0,<Null>,0,0,1,3,3,<Null>,1102,2,3,0,0,0,2,0,3,0,3,N,<Null>,<Null>,<Null>,<Null>,<Null>,<Null>,<Null>,<Null>,<Null>,<Null>,<Null>,3,3,<Null>,N,<Null>,1,30,0
110,Point,1356,1550,1,0,0,0,0,0,0,0,0,4,0,<Null>,67,3,2021,2021032474,2,39.9867,-75.2083,1550,6,0,0,0,0,0,1,0,0,<Null>,0,0,0,15,1,1,3,2,39 59:11.940,1,0,75 12:30.186,8,0,0,0,67301,0,0,0,N,0,0,0,2,68K01,0,<Null>,1,1,N,N,0,<Null>,0,0,1,3,3,N,1550,1,2,0,0,0,1,0,3,0,2,N,<Null>,<Null>,<Null>,<Null>,<Null>,<Null>,<Null>,<Null>,<Null>,<Null>,1620,3,<Null>,<Null>,N,<Null>,1,30,0
111,Point,1683,103,2,0,0,0,0,0,0,0,0,6,0,<Null>,67,6,2021,2021064280,2,39.9858,-75.2135,102,6,0,1,0,0,0,0,0,0,<Null>,0,0,0,0,3,0,0,0,39 59:08.880,<Null>,0,75 12:48.560,0,0,0,0,67301,0,0,0,N,0,0,0,4,67301,0,<Null>,1,1,N,N,0,<Null>,0,0,0,0,0,<Null>,50,0,2,0,0,0,0,0,3,0,2,N,<Null>,<Null>,<Null>,<Null>,<Null>,<Null>,<Null>,<Null>,<Null>,<Null>,<Null>,3,<Null>,<Null>,N,N,1,30,0
112,Point,1753,624,1,0,0,0,0,0,0,0,0,6,0,<Null>,67,2,2021,2021015478,6,39.9854,-75.2127,617,6,0,0,0,0,0,0,0,0,<Null>,0,0,0,6,5,0,0,0,39 59:07.350,<Null>,0,75 12:45.860,0,0,0,0,67301,0,0,0,N,0,0,0,3,67301,0,<Null>,1,1,N,N,1,<Null>,0,0,1,0,0,<Null>,606,0,3,0,0,0,0,0,3,0,3,N,<Null>,<Null>,<Null>,<Null>,<Null>,<Null>,<Null>,<Null>,<Null>,<Null>,<Null>,3,3,<Null>,N,N,1,30,0
113,Point,1828,1105,2,0,0,0,0,0,0,0,0,5,0,<Null>,67,6,2021,2021053570,2,40.0147,-75.2058,1056,6,0,0,0,0,0,0,0,0,<Null>,0,0,0,10,1,4,2,0,40 00:53.344,<Null>,0,75 12:22.970,3,0,0,0,67301,0,0,0,N,0,0,0,4,67301,0,<Null>,1,1,N,N,0,<Null>,4,0,1,3,2,<Null>,1050,4,3,0,0,0,0,0,3,0,3,N,<Null>,<Null>,<Null>,<Null>,<Null>,<Null>,<Null>,<Null>,<Null>,<Null>,<Null>,3,3,<Null>,N,<Null>,1,30,0
114,Point,1844,520,1,0,0,0,0,0,0,0,0,4,0,<Null>,67,8,2021,2021075376,4,39.9732,-75.2122,520,6,0,0,0,0,0,0,0,0,<Null>,0,0,0,5,5,0,1,0,39 58:23.644,<Null>,0,75 12:44.010,0,0,0,0,67301,0,0,0,N,0,0,0,3,67301,0,<Null>,1,1,N,N,0,<Null>,0,0,1,3,2,<Null>,520,0,2,0,0,0,0,0,3,0,2,N,<Null>,<Null>,<Null>,<Null>,<Null>,<Null>,<Null>,<Null>,<Null>,<Null>,<Null>,3,<Null>,<Null>,N,<Null>,1,30,0
115,Point,2015,730,0,0,0,0,0,0,0,0,0,7,0,<Null>,67,5,2021,2021044614,7,40.0149,-75.2066,711,6,0,0,0,0,0,1,0,0,<Null>,0,0,0,5,1,1,0,2,40 00:53.580,7,3,75 12:23.843,3,0,0,0,67301,0,0,0,N,0,0,0,1,67301,0,<Null>,4,1,N,N,0,<Null>,1,0,1,0,0,N,500,1,1,0,0,1,0,0,3,0,1,N,<Null>,<Null>,<Null>,<Null>,<Null>,<Null>,<Null>,<Null>,<Null>,<Null>,913,3,3,<Null>,N,N,1,30,0
116,Point,2682,153,2,0,0,0,0,0,0,0,0,4,0,<Null>,67,6,2021,2021064281,2,39.9857,-75.2133,153,6,0,0,0,1,0,0,0,0,<Null>,0,1,0,1,3,1,0,0,39 59:08.470,<Null>,0,75 12:47.770,3,0,0,0,67301,0,0,0,N,0,0,0,4,67301,0,<Null>,1,1,N,N,0,<Null>,1,0,0,0,0,<Null>,153,1,3,0,0,0,0,0,3,0,3,N,<Null>,<Null>,<Null>,<Null>,<Null>,<Null>,<Null>,<Null>,<Null>,<Null>,<Null>,3,<Null>,<Null>,N,N,1,30,0
117,Point,2715,258,1,0,0,0,0,0,0,0,0,4,0,<Null>,67,2,2021,2021012838,1,39.9856,-75.2132,249,6,0,0,0,0,0,0,0,0,<Null>,0,0,0,2,3,2,1,0,39 59:08.260,<Null>,0,75 12:47.375,4,0,0,0,67301,0,0,0,N,0,0,0,3,67301,2,<Null>,1,1,N,N,0,<Null>,0,0,0,3,3,<Null>,247,2,2,0,0,0,0,0,3,0,2,N,<Null>,<Null>,<Null>,<Null>,<Null>,<Null>,<Null>,<Null>,<Null>,<Null>,<Null>,3,3,<Null>,N,<Null>,1,30,0
118,Point,3434,2051,2,0,0,0,0,0,0,0,0,1,0,<Null>,67,3,2021,2021027137,6,39.9626,-75.213,2050,6,0,0,0,0,0,1,0,0,<Null>,0,0,0,20,3,0,1,0,39 57:45.290,<Null>,0,75 12:46.959,0,0,0,0,67301,0,0,0,N,0,0,0,3,67301,0,<Null>,1,1,N,N,0,<Null>,0,0,0,3,2,<Null>,2030,0,3,0,0,0,0,0,3,0,3,N,<Null>,<Null>,<Null>,<Null>,<Null>,<Null>,<Null>,<Null>,<Null>,<Null>,<Null>,3,3,<Null>,N,<Null>,1,30,0
119,Point,3523,1058,1,0,0,0,0,0,0,0,0,4,0,<Null>,67,3,2021,2021029077,2,39.9529,-75.2122,1947,6,0,0,0,0,0,0,0,0,<Null>,0,0,0,10,1,0,1,0,39 57:10.335,<Null>,0,75 12:43.862,0,0,0,0,67301,0,0,0,N,0,0,0,2,67301,0,<Null>,1,1,N,N,0,<Null>,0,0,0,3,2,<Null>,1045,0,2,0,0,0,0,0,3,1,2,N,<Null>,<Null>,<Null>,<Null>,<Null>,<Null>,<Null>,<Null>,<Null>,<Null>,<Null>,3,3,<Null>,N,<Null>,1,30,0
120,Point,3564,1600,1,0,0,0,0,0,0,0,0,8,0,<Null>,67,3,2021,2021027014,6,39.9732,-75.2122,1525,6,0,0,0,0,0,1,0,0,<Null>,0,0,0,15,1,1,1,0,39 58:23.653,<Null>,0,75 12:44.012,3,0,0,0,67301,1,0,0,N,1,0,0,2,67301,0,<Null>,1,1,N,N,0,<Null>,1,0,0,3,2,<Null>,1502,1,2,0,0,0,0,0,3,0,1,N,<Null>,<Null>,<Null>,<Null>,<Null>,<Null>,<Null>,<Null>,<Null>,<Null>,<Null>,3,3,<Null>,N,<Null>,1,30,0
121,Point,3603,226,1,0,0,0,0,0,0,0,0,1,0,<Null>,67,4,2021,2021036269,4,39.9867,-75.2084,225,6,0,0,0,0,0,0,0,0,<Null>,0,0,0,1,3,0,2,0,39 59:11.940,<Null>,2,75 12:30.186,0,0,0,0,67301,0,0,0,N,0,0,0,1,67301,0,<Null>,1,1,N,N,0,<Null>,0,0,1,3,3,<Null>,157,0,2,0,0,0,0,0,3,0,2,N,<Null>,<Null>,<Null>,<Null>,<Null>,<Null>,<Null>,<Null>,<Null>,<Null>,<Null>,3,3,<Null>,N,<Null>,1,30,0
122,Point,3616,205,1,0,0,0,0,0,0,0,0,7,0,<Null>,67,4,2021,2021033843,3,39.9867,-75.2076,205,6,0,0,0,0,0,0,0,0,<Null>,0,0,0,2,3,0,1,0,39 59:12.288,<Null>,0,75 12:27.201,0,0,0,0,67301,0,0,0,N,0,0,0,1,67301,0,<Null>,2,9,N,N,0,<Null>,0,0,0,3,2,<Null>,200,0,1,0,0,0,0,0,3,0,1,N,<Null>,<Null>,<Null>,<Null>,<Null>,<Null>,<Null>,<Null>,<Null>,<Null>,<Null>,7,<Null>,<Null>,N,<Null>,1,30,0
123,Point,3728,925,0,0,0,0,0,0,0,0,0,4,0,<Null>,67,3,2021,2021028858,2,39.9697,-75.2115,923,6,0,0,0,0,0,0,0,0,<Null>,0,0,0,9,1,0,1,0,39 58:10.789,<Null>,0,75 12:41.484,9,0,0,0,67301,0,0,0,N,0,0,0,2,67301,0,<Null>,1,1,N,N,0,<Null>,0,0,2,3,2,<Null>,918,0,2,0,0,0,0,2,3,0,2,N,<Null>,<Null>,<Null>,<Null>,<Null>,<Null>,<Null>,<Null>,<Null>,<Null>,<Null>,3,3,<Null>,N,<Null>,1,30,0
124,Point,3976,1805,1,0,0,0,0,0,0,0,0,4,0,<Null>,67,5,2021,2021046054,3,40.0148,-75.2064,1754,6,0,0,0,0,1,0,0,0,<Null>,0,0,0,17,1,2,1,0,40 00:53.458,<Null>,2,75 12:23.372,8,0,0,0,67301,0,0,0,N,0,0,0,3,67301,0,<Null>,1,1,N,N,0,<Null>,0,0,1,3,3,<Null>,1745,2,2,0,0,0,2,0,3,0,2,N,<Null>,<Null>,<Null>,<Null>,<Null>,<Null>,<Null>,<Null>,<Null>,<Null>,<Null>,3,3,<Null>,N,<Null>,1,30,0
125,Point,4296,730,2,0,0,0,0,0,0,0,0,4,0,<Null>,67,5,2021,2021046146,6,39.9786,-75.2136,728,6,0,0,0,0,0,0,0,0,<Null>,0,0,0,7,1,1,1,0,39 58:42.950,<Null>,0,75 12:49.048,8,0,0,0,67301,0,0,0,N,0,0,0,2,67301,0,<Null>,1,1,N,N,0,<Null>,0,0,0,3,2,<Null>,725,1,2,0,0,0,1,0,3,0,2,N,<Null>,<Null>,<Null>,<Null>,<Null>,<Null>,<Null>,<Null>,<Null>,<Null>,<Null>,3,3,<Null>,N,<Null>,1,30,0
126,Point,4338,246,2,0,0,0,0,0,0,0,0,4,0,<Null>,67,6,2021,2021057502,7,39.9778,-75.2134,244,6,0,0,0,0,0,0,0,0,<Null>,0,0,0,2,3,2,1,0,39 58:39.965,<Null>,0,75 12:48.419,8,0,0,0,67301,0,0,0,N,0,0,0,4,67301,0,<Null>,1,1,N,N,0,<Null>,0,0,1,3,2,<Null>,235,2,3,0,0,1,2,1,3,0,3,N,<Null>,<Null>,<Null>,<Null>,<Null>,<Null>,<Null>,<Null>,<Null>,<Null>,<Null>,3,3,<Null>,N,<Null>,1,30,0
127,Point,4789,1022,2,0,0,0,0,0,0,0,0,4,0,<Null>,67,6,2021,2021057706,7,39.9697,-75.2115,1020,6,0,0,0,0,0,0,0,0,<Null>,0,0,0,9,1,2,1,0,39 58:10.789,<Null>,0,75 12:41.484,3,0,0,0,67301,0,0,0,N,0,0,0,2,67301,0,<Null>,1,1,N,N,0,<Null>,2,0,0,3,2,<Null>,955,2,2,0,0,0,0,0,3,0,2,N,<Null>,<Null>,<Null>,<Null>,<Null>,<Null>,<Null>,<Null>,<Null>,<Null>,<Null>,3,3,<Null>,N,<Null>,1,30,0
128,Point,5059,435,1,0,0,0,0,0,0,0,0,5,0,<Null>,67,6,2021,2021053614,3,39.986,-75.2149,432,6,0,0,0,0,0,1,0,0,<Null>,0,0,0,4,8,0,0,0,39 59:09.510,<Null>,0,75 12:53.740,0,0,0,0,67301,0,0,0,N,0,0,0,3,67301,0,<Null>,1,9,N,N,1,<Null>,0,0,0,0,0,<Null>,423,0,3,0,0,0,0,0,3,1,3,N,<Null>,<Null>,<Null>,<Null>,<Null>,<Null>,<Null>,<Null>,<Null>,<Null>,<Null>,7,4,<Null>,N,N,1,30,0
129,Point,5174,1614,1,0,0,0,0,0,0,0,0,4,0,<Null>,67,6,2021,2021055482,3,39.9867,-75.2076,1610,6,0,0,0,0,0,0,0,0,<Null>,0,0,0,15,1,1,1,0,39 59:12.288,<Null>,2,75 12:27.201,3,0,0,0,67301,0,0,0,N,0,0,0,2,67301,0,<Null>,1,1,N,N,0,<Null>,1,0,1,3,2,<Null>,1540,1,2,0,0,0,0,0,3,0,2,N,<Null>,<Null>,<Null>,<Null>,<Null>,<Null>,<Null>,<Null>,<Null>,<Null>,<Null>,3,<Null>,<Null>,N,<Null>,1,30,0
130,Point,5684,1914,1,0,0,0,0,0,0,0,0,4,0,<Null>,67,2,2021,2021019286,4,39.9571,-75.2143,1911,6,0,0,0,0,0,0,0,0,<Null>,0,0,0,19,4,1,1,0,39 57:25.696,<Null>,0,75 12:51.617,3,0,0,1,67301,0,0,0,N,0,0,0,2,67301,0,<Null>,1,1,N,N,0,<Null>,1,0,0,3,2,<Null>,1905,1,2,0,0,0,0,0,3,0,2,N,<Null>,<Null>,<Null>,<Null>,<Null>,<Null>,<Null>,<Null>,<Null>,<Null>,<Null>,3,3,<Null>,N,<Null>,1,30,0
131,Point,5828,430,1,0,0,0,0,0,0,0,0,1,0,<Null>,67,9,2021,2021083506,7,39.9756,-75.2128,421,6,0,0,0,0,0,0,0,0,<Null>,0,0,0,4,3,0,0,0,39 58:32.075,<Null>,0,75 12:46.169,0,0,0,0,67301,0,0,0,N,0,0,0,1,67301,0,<Null>,6,1,N,N,0,<Null>,0,0,0,0,0,<Null>,419,0,2,0,0,0,0,0,3,0,2,N,<Null>,<Null>,<Null>,<Null>,<Null>,<Null>,<Null>,<Null>,<Null>,<Null>,<Null>,3,<Null>,<Null>,N,N,1,30,0
132,Point,6274,1310,2,0,0,0,0,0,0,0,0,4,0,<Null>,67,2,2021,2021020092,1,40.0099,-75.1964,1310,6,0,0,0,0,0,0,0,0,<Null>,0,0,0,13,1,0,1,1,40 00:35.528,2,0,75 11:47.178,0,0,0,0,67301,0,0,0,N,0,0,0,2,67301,0,<Null>,1,9,N,N,0,<Null>,0,0,0,3,2,N,1300,0,2,0,0,0,0,0,3,0,2,N,<Null>,<Null>,<Null>,<Null>,<Null>,<Null>,<Null>,<Null>,<Null>,<Null>,1400,7,4,<Null>,N,<Null>,1,30,0
133,Point,6327,1700,0,0,0,0,0,0,0,0,0,8,0,<Null>,67,9,2021,2021087573,4,39.9491,-75.213,1650,6,0,0,0,0,0,0,0,0,<Null>,0,0,0,22,3,1,1,0,39 56:56.653,<Null>,0,75 12:46.547,3,0,0,0,67301,1,0,0,N,1,0,0,2,67301,0,<Null>,1,1,N,N,1,<Null>,1,0,0,3,2,<Null>,2200,1,2,0,0,0,0,1,3,0,1,N,<Null>,<Null>,<Null>,<Null>,<Null>,<Null>,<Null>,<Null>,<Null>,<Null>,<Null>,3,<Null>,<Null>,N,<Null>,1,30,0
134,Point,6444,1750,1,0,0,0,0,0,0,0,0,2,0,<Null>,67,10,2021,2021104880,6,39.9934,-75.198,1739,6,0,0,0,0,1,0,0,0,<Null>,0,0,0,15,1,1,0,0,39 59:36.140,<Null>,0,75 11:52.690,3,0,0,0,67301,0,0,0,N,0,0,0,4,67301,0,<Null>,1,9,N,N,0,<Null>,1,0,0,0,0,<Null>,1545,1,2,0,0,1,0,0,3,0,2,N,<Null>,<Null>,<Null>,<Null>,<Null>,<Null>,<Null>,<Null>,<Null>,<Null>,<Null>,7,4,<Null>,N,N,1,30,0
135,Point,6531,854,2,0,2,0,0,0,0,0,0,4,0,<Null>,67,8,2021,2021072456,4,39.9858,-75.2156,853,6,0,0,0,0,0,1,1,0,<Null>,0,0,0,8,1,2,1,1,39 59:08.888,5,0,75 12:56.190,2,0,0,0,67301,0,0,0,N,0,0,0,2,67301,0,<Null>,1,1,N,N,0,<Null>,0,2,0,3,2,Y,853,2,2,0,0,0,0,0,3,0,2,N,<Null>,<Null>,<Null>,<Null>,<Null>,<Null>,<Null>,<Null>,<Null>,<Null>,1130,3,<Null>,<Null>,N,<Null>,1,30,0
136,Point,6655,1854,1,0,0,0,0,0,0,0,0,6,0,<Null>,67,7,2021,2021073675,7,39.9961,-75.1956,1848,6,0,0,0,0,1,0,0,0,<Null>,0,0,0,16,1,2,0,0,39 59:45.900,<Null>,3,75 11:44.150,8,0,0,0,67301,0,0,0,N,0,0,0,3,67301,0,<Null>,1,1,N,N,0,<Null>,0,0,1,0,0,<Null>,1645,2,2,0,0,2,2,0,3,0,2,N,<Null>,<Null>,<Null>,<Null>,<Null>,<Null>,<Null>,<Null>,<Null>,<Null>,<Null>,3,3,<Null>,N,N,1,30,0
137,Point,6692,123,1,0,0,0,0,0,0,0,0,4,0,<Null>,67,7,2021,2021070448,6,39.9697,-75.2115,123,6,0,0,0,0,0,0,0,0,<Null>,0,0,0,23,3,1,1,0,39 58:10.789,<Null>,0,75 12:41.484,3,0,0,0,67301,0,0,0,N,0,0,0,2,67301,0,<Null>,1,1,N,N,0,<Null>,1,0,1,3,2,<Null>,2322,1,2,0,0,0,0,0,3,0,2,N,<Null>,<Null>,<Null>,<Null>,<Null>,<Null>,<Null>,<Null>,<Null>,<Null>,<Null>,3,3,<Null>,N,<Null>,1,30,0
138,Point,6736,138,1,0,0,0,0,0,0,0,0,5,0,<Null>,67,9,2021,2021094122,3,39.9562,-75.2145,128,6,0,0,0,0,0,0,0,0,<Null>,0,0,0,1,3,1,0,2,39 57:22.400,1,0,75 12:52.200,8,0,0,0,67301,0,0,0,N,0,0,0,1,67301,0,<Null>,6,1,N,N,0,<Null>,0,0,2,0,0,Y,128,1,3,0,0,1,1,0,3,0,3,N,<Null>,<Null>,<Null>,<Null>,<Null>,<Null>,<Null>,<Null>,<Null>,<Null>,200,3,3,<Null>,N,N,1,30,0
139,Point,6784,225,2,0,0,0,0,0,0,0,0,1,0,<Null>,67,9,2021,2021083567,1,39.9778,-75.2134,223,6,0,0,0,0,0,0,0,0,<Null>,0,0,0,2,3,0,1,1,39 58:39.965,5,0,75 12:48.419,0,0,0,0,67301,0,0,0,N,0,0,0,2,67301,0,<Null>,1,1,N,N,0,<Null>,0,0,0,2,1,N,220,0,2,0,0,0,0,0,3,0,2,N,<Null>,<Null>,<Null>,<Null>,<Null>,<Null>,<Null>,<Null>,<Null>,<Null>,318,3,3,<Null>,N,<Null>,1,30,0
140,Point,6927,20,2,0,0,0,0,0,0,0,0,1,0,<Null>,67,11,2021,2021115033,4,39.9732,-75.2122,18,6,0,0,0,0,0,0,0,0,<Null>,0,0,0,0,3,1,5,0,39 58:23.653,<Null>,0,75 12:44.012,8,0,0,0,67301,0,0,0,N,0,0,0,2,67301,0,<Null>,1,1,N,N,0,<Null>,0,0,0,3,2,<Null>,1,1,2,0,0,0,1,0,3,0,2,N,<Null>,<Null>,<Null>,<Null>,<Null>,<Null>,<Null>,<Null>,<Null>,<Null>,<Null>,3,3,<Null>,N,<Null>,1,30,0
141,Point,7025,220,1,0,0,0,0,0,0,0,0,4,0,<Null>,67,10,2021,2021102802,7,39.9702,-75.2116,220,6,0,1,0,0,0,0,0,0,<Null>,0,0,0,2,3,0,2,0,39 58:12.833,<Null>,0,75 12:41.855,0,0,0,0,67301,0,0,0,N,0,0,0,2,67301,0,<Null>,1,1,N,N,0,<Null>,0,0,1,3,3,<Null>,214,0,2,0,0,0,0,0,3,0,2,N,<Null>,<Null>,<Null>,<Null>,<Null>,<Null>,<Null>,<Null>,<Null>,<Null>,<Null>,3,<Null>,<Null>,N,<Null>,1,30,0
142,Point,7131,1820,1,0,0,0,0,0,0,0,0,4,0,<Null>,67,11,2021,2021110483,7,39.9786,-75.2136,1813,6,0,0,0,0,0,2,0,0,<Null>,0,0,0,17,3,1,1,0,39 58:42.950,<Null>,0,75 12:49.048,3,0,0,0,67301,0,0,0,N,0,0,0,7,67301,0,<Null>,1,1,N,N,0,<Null>,1,0,3,3,2,<Null>,1744,1,4,0,0,0,0,0,3,0,4,N,<Null>,<Null>,<Null>,<Null>,<Null>,<Null>,<Null>,<Null>,<Null>,<Null>,<Null>,3,3,<Null>,N,<Null>,1,30,0
143,Point,7309,626,3,0,0,0,0,0,0,0,0,4,0,<Null>,67,4,2021,2021100803,3,39.9858,-75.2156,622,6,0,0,0,0,0,1,0,0,<Null>,0,0,0,5,1,0,1,0,39 59:08.888,<Null>,0,75 12:56.190,0,0,0,0,67301,0,0,0,N,0,0,0,3,67301,0,<Null>,1,1,N,N,0,<Null>,0,0,0,3,1,<Null>,557,0,3,0,0,0,0,0,3,0,3,N,<Null>,<Null>,<Null>,<Null>,<Null>,<Null>,<Null>,<Null>,<Null>,<Null>,<Null>,3,3,<Null>,N,<Null>,1,30,0
144,Point,7367,2145,1,0,0,0,0,0,1,0,0,4,1,<Null>,67,11,2021,2021111805,4,39.9778,-75.2134,2140,6,0,0,0,0,0,1,0,0,<Null>,0,0,0,21,3,1,1,0,39 58:39.965,<Null>,0,75 12:48.419,8,0,0,0,67301,0,0,0,N,0,0,0,2,67508,0,<Null>,1,1,N,N,0,<Null>,0,0,0,3,2,<Null>,2140,1,2,0,0,0,1,0,3,0,2,N,<Null>,<Null>,<Null>,<Null>,<Null>,<Null>,<Null>,<Null>,<Null>,<Null>,<Null>,3,3,<Null>,Y,<Null>,1,30,0
145,Point,7831,1300,2,0,0,0,0,0,0,0,0,4,0,<Null>,67,7,2021,2021080477,6,39.9715,-75.2119,1300,6,0,0,0,0,0,0,0,0,<Null>,0,0,0,12,1,0,2,0,39 58:17.414,<Null>,0,75 12:42.731,9,0,0,0,67301,0,0,0,N,0,0,0,2,67301,0,<Null>,1,1,N,N,0,<Null>,0,0,0,3,2,<Null>,1230,0,2,0,0,0,0,1,3,0,2,N,<Null>,<Null>,<Null>,<Null>,<Null>,<Null>,<Null>,<Null>,<Null>,<Null>,<Null>,4,<Null>,<Null>,Y,<Null>,1,30,0
146,Point,7849,404,0,0,0,0,0,0,0,0,0,4,0,<Null>,67,11,2021,2021107803,1,39.9732,-75.2122,358,6,0,0,0,0,0,0,0,0,<Null>,0,0,0,3,3,0,1,0,39 58:23.653,<Null>,0,75 12:44.012,9,0,0,0,67301,0,0,0,N,0,0,0,2,67301,0,<Null>,1,1,N,N,0,<Null>,0,0,2,3,2,<Null>,353,0,2,0,0,0,0,2,3,0,2,N,<Null>,<Null>,<Null>,<Null>,<Null>,<Null>,<Null>,<Null>,<Null>,<Null>,<Null>,3,<Null>,<Null>,N,<Null>,1,30,0
147,Point,8073,54,1,0,0,0,0,0,0,0,0,4,0,<Null>,67,10,2021,2021102109,7,39.9747,-75.2126,52,6,0,0,0,0,0,0,0,0,<Null>,0,0,0,0,3,2,2,2,39 58:28.840,5,0,75 12:45.264,2,0,2,1,67301,0,0,0,N,0,0,0,4,67301,0,<Null>,1,1,N,N,0,<Null>,0,2,0,0,0,Y,45,2,2,0,0,0,0,0,3,0,2,N,<Null>,<Null>,<Null>,<Null>,<Null>,<Null>,<Null>,<Null>,<Null>,<Null>,255,3,3,<Null>,N,<Null>,1,30,0
148,Point,8336,<Null>,1,0,1,0,0,0,0,0,0,7,0,<Null>,67,5,2021,2021105348,7,39.9737,-75.2123,<Null>,6,0,0,0,0,0,0,0,0,<Null>,0,0,0,16,1,2,0,0,39 58:25.323,<Null>,0,75 12:44.422,2,0,0,0,67301,0,0,0,N,0,0,0,2,0,0,<Null>,4,1,N,N,0,<Null>,0,1,0,0,0,<Null>,1600,2,2,0,0,0,1,0,3,0,1,N,<Null>,<Null>,<Null>,<Null>,<Null>,<Null>,<Null>,<Null>,<Null>,<Null>,<Null>,3,<Null>,<Null>,N,N,1,30,0
149,Point,8383,1637,2,0,0,0,0,0,0,0,0,1,0,<Null>,67,10,2021,2021100373,7,39.9867,-75.208,1637,6,0,0,0,0,0,0,1,0,<Null>,0,0,0,16,1,2,0,2,39 59:12.159,3,0,75 12:28.866,3,0,0,0,67301,0,0,0,N,0,0,0,5,68K01,0,<Null>,1,9,N,N,1,<Null>,2,0,0,0,0,N,1634,2,3,0,0,0,0,0,3,0,3,N,<Null>,<Null>,<Null>,<Null>,<Null>,<Null>,<Null>,<Null>,<Null>,<Null>,1640,7,<Null>,<Null>,N,N,1,30,0
150,Point,9141,625,1,0,0,0,0,0,0,0,0,4,0,<Null>,67,10,2021,2021098176,6,39.9858,-75.2156,620,6,0,0,0,0,0,0,0,0,<Null>,0,0,0,6,3,3,1,1,39 59:08.888,2,0,75 12:56.190,8,0,0,0,67301,0,0,0,N,0,0,0,3,67301,0,<Null>,1,1,N,N,0,<Null>,0,0,1,3,2,N,620,3,2,0,0,0,3,0,3,0,2,N,<Null>,<Null>,<Null>,<Null>,<Null>,<Null>,<Null>,<Null>,<Null>,<Null>,810,3,3,<Null>,N,<Null>,1,30,0
151,Point,9207,630,0,0,0,0,0,0,0,0,0,6,0,<Null>,67,8,2021,2021078438,3,39.9858,-75.2156,620,6,0,0,0,0,0,0,0,0,<Null>,0,0,0,6,1,1,1,0,39 59:08.888,<Null>,0,75 12:56.190,3,0,0,0,67301,0,0,0,N,0,0,0,2,67301,0,<Null>,1,1,N,N,0,<Null>,1,0,1,3,2,<Null>,618,1,2,0,0,1,0,0,3,0,2,N,<Null>,<Null>,<Null>,<Null>,<Null>,<Null>,<Null>,<Null>,<Null>,<Null>,<Null>,3,<Null>,<Null>,N,<Null>,1,30,0
152,Point,9460,0,1,0,0,0,0,0,0,0,0,8,0,<Null>,67,8,2021,2021077492,4,39.9725,-75.2121,2347,6,0,0,0,0,0,0,0,0,<Null>,0,0,0,23,3,1,3,0,39 58:20.921,<Null>,0,75 12:43.411,3,0,0,0,67301,1,0,0,N,1,0,0,2,67301,0,<Null>,1,1,N,N,0,<Null>,1,0,0,0,0,<Null>,2326,1,2,0,0,0,0,0,3,0,1,N,<Null>,<Null>,<Null>,<Null>,<Null>,<Null>,<Null>,<Null>,<Null>,<Null>,<Null>,3,<Null>,<Null>,N,<Null>,1,30,0
153,Point,9548,1919,1,0,0,0,0,0,0,0,0,4,0,<Null>,67,11,2021,2021110573,6,39.9867,-75.2076,1915,6,0,0,0,0,0,0,0,0,<Null>,0,0,0,19,3,0,1,2,39 59:12.288,4,2,75 12:27.201,0,0,0,0,67301,0,0,0,N,0,0,0,5,68K01,0,<Null>,1,1,N,N,0,<Null>,0,0,1,3,2,N,1913,0,2,0,0,0,0,0,3,0,2,N,<Null>,<Null>,<Null>,<Null>,<Null>,<Null>,<Null>,<Null>,<Null>,<Null>,2015,3,3,<Null>,N,<Null>,1,30,0
154,Point,9711,1623,1,0,0,0,0,0,0,0,0,4,0,<Null>,67,11,2021,2021110481,5,39.9697,-75.2115,1623,6,0,0,0,0,0,0,1,0,<Null>,0,0,0,15,1,1,1,0,39 58:10.789,<Null>,0,75 12:41.484,4,0,0,0,67301,0,0,0,N,0,0,0,3,67301,1,<Null>,1,1,N,N,0,<Null>,0,0,1,3,2,<Null>,1502,1,2,0,0,0,0,0,3,0,2,N,<Null>,<Null>,<Null>,<Null>,<Null>,<Null>,<Null>,<Null>,<Null>,<Null>,<Null>,3,3,<Null>,N,<Null>,1,30,0
155,Point,9745,1405,1,0,0,0,0,0,0,0,0,4,0,<Null>,67,9,2021,2021100178,4,39.9858,-75.2156,1405,6,0,0,0,0,1,0,0,0,<Null>,0,0,0,14,1,1,1,0,39 59:08.888,<Null>,0,75 12:56.190,8,0,0,0,67301,0,0,0,N,0,0,0,4,67301,0,<Null>,1,1,N,N,0,<Null>,0,0,1,3,2,<Null>,1400,1,2,0,0,0,1,1,3,0,2,N,<Null>,<Null>,<Null>,<Null>,<Null>,<Null>,<Null>,<Null>,<Null>,<Null>,<Null>,3,3,<Null>,N,<Null>,1,30,0
156,Point,9750,35,1,0,0,0,0,0,0,0,0,4,0,<Null>,67,10,2021,2021096019,7,39.9586,-75.214,32,6,0,0,0,0,0,0,0,0,<Null>,0,0,0,0,3,1,1,0,39 57:31.189,<Null>,1,75 12:50.310,3,0,0,0,67301,0,0,0,N,0,0,0,4,67301,0,<Null>,1,1,N,N,0,<Null>,1,0,1,3,2,<Null>,30,1,3,0,0,0,0,0,3,1,3,N,<Null>,<Null>,<Null>,<Null>,<Null>,<Null>,<Null>,<Null>,<Null>,<Null>,<Null>,3,<Null>,<Null>,N,<Null>,1,30,0
157,Point,9794,1410,3,0,0,0,0,0,0,0,0,4,0,<Null>,67,10,2021,2021099084,3,39.9858,-75.2156,1350,6,0,0,0,0,0,0,0,0,<Null>,0,0,0,13,1,3,1,0,39 59:08.741,<Null>,0,75 12:56.531,3,0,0,0,67301,0,0,0,N,0,0,0,7,67301,2,<Null>,1,1,N,N,1,<Null>,1,0,0,3,2,<Null>,1345,3,4,0,0,0,0,0,3,0,4,N,<Null>,<Null>,<Null>,<Null>,<Null>,<Null>,<Null>,<Null>,<Null>,<Null>,<Null>,3,3,<Null>,Y,<Null>,1,30,0
158,Point,9875,2200,0,0,0,0,0,0,0,0,0,1,0,<Null>,67,11,2021,2021124396,7,39.9755,-75.2128,2146,6,0,0,0,0,0,1,0,0,<Null>,0,0,0,20,3,1,0,0,39 58:31.920,<Null>,0,75 12:46.125,4,0,0,0,67301,0,0,0,N,0,0,0,1,67301,1,<Null>,6,1,N,N,1,<Null>,0,0,1,0,0,<Null>,2037,1,2,0,0,0,0,0,3,0,2,N,<Null>,<Null>,<Null>,<Null>,<Null>,<Null>,<Null>,<Null>,<Null>,<Null>,<Null>,3,<Null>,<Null>,N,N,1,30,0
159,Point,9898,705,1,0,0,0,0,0,0,0,0,5,0,<Null>,67,12,2021,2021124085,7,40.0149,-75.2067,655,6,0,0,0,0,0,0,0,0,<Null>,0,0,0,6,5,0,0,1,40 00:53.677,2,0,75 12:24.223,0,0,0,0,67301,0,0,0,N,0,0,0,1,67301,0,<Null>,1,9,N,N,0,<Null>,0,0,0,0,0,N,630,0,2,0,0,0,0,0,3,0,2,N,<Null>,<Null>,<Null>,<Null>,<Null>,<Null>,<Null>,<Null>,<Null>,<Null>,815,7,<Null>,<Null>,N,N,1,30,0
160,Point,10032,1326,1,0,0,0,0,0,0,0,0,7,0,<Null>,67,9,2021,2021087905,6,39.9862,-75.2098,1324,6,0,0,0,0,0,0,0,0,<Null>,0,0,0,13,1,1,0,2,39 59:10.450,5,0,75 12:35.370,3,0,0,0,67301,0,0,0,N,0,0,0,1,67301,0,<Null>,4,1,N,N,0,<Null>,1,0,0,0,0,Y,1321,1,1,0,0,0,0,0,3,0,1,N,<Null>,<Null>,<Null>,<Null>,<Null>,<Null>,<Null>,<Null>,<Null>,<Null>,1530,4,<Null>,<Null>,N,N,1,30,0
161,Point,10058,1925,0,0,0,0,0,0,0,0,0,8,0,<Null>,67,9,2021,2021091009,1,40.0151,-75.2073,1917,6,0,0,0,0,0,0,0,0,<Null>,0,0,0,19,2,1,0,0,40 00:54.224,<Null>,0,75 12:26.134,3,0,0,0,67301,1,0,0,N,1,0,0,2,67301,0,<Null>,1,1,N,N,0,<Null>,1,0,1,0,0,<Null>,1917,1,2,0,0,0,0,0,3,0,1,N,<Null>,<Null>,<Null>,<Null>,<Null>,<Null>,<Null>,<Null>,<Null>,<Null>,<Null>,3,3,<Null>,N,N,1,30,0
162,Point,10059,1945,2,0,0,0,0,0,0,0,0,1,0,<Null>,67,9,2021,2021085980,1,39.9715,-75.2119,1930,6,0,0,0,0,0,1,0,0,<Null>,0,0,0,18,1,1,2,0,39 58:17.414,<Null>,0,75 12:42.731,3,0,0,0,67301,0,0,0,N,0,0,0,2,67301,0,<Null>,1,1,N,N,0,<Null>,1,0,0,3,2,<Null>,1800,1,2,0,0,0,0,0,3,0,2,N,<Null>,<Null>,<Null>,<Null>,<Null>,<Null>,<Null>,<Null>,<Null>,<Null>,<Null>,3,3,<Null>,N,<Null>,1,30,0
163,Point,10427,1103,2,0,0,0,0,0,0,0,0,4,0,<Null>,67,10,2021,2021104882,7,39.9778,-75.2134,1051,6,0,0,0,1,0,1,0,0,<Null>,0,0,0,10,1,1,1,1,39 58:39.965,3,0,75 12:48.419,3,0,0,0,67301,0,0,0,N,0,0,0,3,67301,0,<Null>,1,1,N,N,0,<Null>,1,0,0,3,2,N,1046,1,2,0,0,0,0,0,3,0,2,N,<Null>,<Null>,<Null>,<Null>,<Null>,<Null>,<Null>,<Null>,<Null>,<Null>,1205,3,<Null>,<Null>,N,<Null>,1,30,0
